step,reward,pue,peak_outlet,violations
1,0.14473969048983779,1.1417426190203244,18.812444503931594,0
2,0.1420050113012045,1.143033977397591,19.572213780714158,0
3,0.13872326301623739,1.1445714739675252,19.127654997536553,0
4,0.13606977912797827,1.1459084417440435,19.842318145973167,0
5,0.1357224175825432,1.1460331648349136,19.228016511198653,0
6,0.1372941655276299,1.1453416689447402,19.21685816433477,0
7,0.14182212056393595,1.143127758872128,18.888907934268875,0
8,0.13910976897482072,1.1443504620503586,18.45846401120594,0
9,0.13702523100763128,1.1452675379847375,19.387279261260677,0
10,0.14217293472016365,1.1428661305596728,18.518459109780494,0
11,0.14127082608254862,1.1432463478349029,19.033244294418154,0
12,0.14004081228359502,1.14369637543281,19.00044214033291,0
13,0.14240243569891814,1.1426431286021637,18.675522682668912,0
14,0.13996269818717685,1.1437686036256463,19.517869444548143,0
15,0.14555236414828232,1.1412372717034354,19.23246229881847,0
16,0.14036556690370497,1.14368686619259,18.88112505361874,0
17,0.14124304808310198,1.1432079038337961,18.83715969818053,0
18,0.13610925313576114,1.1455254937284778,18.096187229771957,0
19,0.1367242232157547,1.1452375535684907,18.6702483239399,0
20,0.1418797829391664,1.1428124341216672,19.368152215900032,0
21,0.14180049816661316,1.1428910036667737,18.64632407761693,0
22,0.14075315131347907,1.1432836973730418,18.59370663450374,0
23,0.138854941775112,1.144242116449776,18.822070045297664,0
24,0.14339627069590727,1.1421934586081854,19.114174839069285,0
25,0.13714478761828175,1.1451084247634364,19.129657912629327,0
26,0.1340777210461774,1.1464145579076452,18.681115600229,0
27,0.14196558244143787,1.1427268351171243,19.27254237156326,0
28,0.13910981480988732,1.1440263703802254,18.372713495753533,0
29,0.14266692926398666,1.1422681414720266,18.86045846746393,0
30,0.14140234763323936,1.1427253047335213,19.51927126537228,0
31,0.14343893726615642,1.1418341254676871,19.86635100441972,0
32,0.1394586435277159,1.1437207129445683,18.855473580417396,0
33,0.1393877386127999,1.1437265227744002,18.45545609387247,0
34,0.13671839965352456,1.1449632006929509,19.35320669406591,0
35,0.13807907485481288,1.1443118502903742,18.31723998124542,0
36,0.13817555042854332,1.1442248991429134,18.69195573132474,0
37,0.14013406180602644,1.1432758763879471,19.079990023127742,0
38,0.14110358511742174,1.1428528297651566,19.98336876678669,0
39,0.1432979670381303,1.1419660659237394,19.098270525940574,0
40,0.13452521206108764,1.1460355758778247,18.441771697775803,0
41,0.13824915274229277,1.1443156945154145,19.502526011473535,0
42,0.14331805663573505,1.14186788672853,19.701506111504248,0
43,0.13958928245404717,1.1435434350919056,19.120429820192598,0
44,0.14113780405259485,1.1428583918948103,18.483057740008796,0
45,0.13879972240373042,1.143928555192539,18.588800297113202,0
46,0.14156920774336884,1.1426335845132622,19.004384720774244,0
47,0.14044286660885613,1.1433062667822878,19.818377673648975,0
48,0.14063539690766083,1.1431692061846783,19.287456007610686,0
49,0.13919369383382654,1.143728612332347,19.72567132819966,0
50,0.1385354004971659,1.1440631990056682,19.112413328449254,0
51,0.14612155627471574,1.1405888874505685,18.70594565488424,0
52,0.139130800047074,1.143816399905852,18.906031039855343,0
53,0.14119044058260583,1.1427671188347883,18.97098483515755,0
54,0.13892878796822183,1.1437664240635563,19.021100110044515,0
55,0.14122127419848063,1.1426414516030388,19.39015048746625,0
56,0.14182582898082746,1.1423263420383452,20.13994178738696,0
57,0.14160375563722066,1.1425684887255587,19.14899814757146,0
58,0.14241673968860033,1.1420585206227993,18.920165282411567,0
59,0.14044165837489725,1.1429766832502055,20.80475787266051,0
60,0.14161992901920722,1.1425141419615856,19.654047399909487,0
61,0.13550063259814182,1.1453507348037164,19.030445069528536,0
62,0.14486473749829124,1.1410265250034175,20.401284170154536,0
63,0.1436578286942509,1.1415843426114982,18.98496881282124,0
64,0.14484982587060602,1.140974348258788,20.33097339536894,0
65,0.14321168705587628,1.1418086258882474,19.30593125960361,0
66,0.1336547010193026,1.1463565979613948,19.38753653931216,0
67,0.14004165192018805,1.143330696159624,18.939441182620534,0
68,0.13829653226543087,1.1440609354691382,18.806067231215096,0
69,0.14340652129968104,1.141766957400638,18.888576130382134,0
70,0.1432665628608289,1.1417048742783422,19.78548856620342,0
71,0.14526962231213503,1.14081275537573,19.638279966166966,0
72,0.14214554153191764,1.1421889169361648,18.656577489123194,0
73,0.13862852558716843,1.1436569488256632,18.87848650285411,0
74,0.140727395920435,1.14271120815913,19.46559714697369,0
75,0.13737242999459065,1.1442311400108187,18.90401243877534,0
76,0.1424978200489454,1.1418863599021092,19.536673825456916,0
77,0.14201501908999514,1.1420099618200097,18.90183186118489,0
78,0.14186085653823047,1.142056286923539,19.29027172327453,0
79,0.13655875899714537,1.1445404820057092,18.421318357695483,0
80,0.1430866606920244,1.1415046786159513,18.869926796708967,0
81,0.14134881006288227,1.1422543798742355,19.03157998085588,0
82,0.13911816739244537,1.1433376652151093,19.272710674641623,0
83,0.14368242840641382,1.1411331431871723,19.797784580238016,0
84,0.14190016851799106,1.1418896629640178,19.12140999614373,0
85,0.14377895192543608,1.1411240961491278,20.91101868526207,0
86,0.14359872590452177,1.1412505481909565,20.246105283639615,0
87,0.14243163175367718,1.1416987364926456,19.51247531810221,0
88,0.14001477628573636,1.1428104474285272,19.950246346062997,0
89,0.13917197565854073,1.1432360486829185,19.88405648184198,0
90,0.140128718390938,1.142716563218124,19.19089218797828,0
91,0.14491417854112193,1.140561642917756,19.247915940937514,0
92,0.13843255329586135,1.1435788934082773,19.52481588829618,0
93,0.1402452670017892,1.1427154659964216,18.473494355526178,0
94,0.13928416549244252,1.143111669015115,18.527571007324404,0
95,0.13944018350189688,1.1430696329962062,18.947477016686513,0
96,0.14046919951173226,1.1425336009765354,18.870538560862396,0
97,0.14409709408367263,1.1409198118326547,19.92851451183362,0
98,0.13841846828389698,1.143625063432206,19.349998737300204,0
99,0.13709953237062036,1.1441349352587593,19.177558126287217,0
100,0.1342583335566202,1.1455693328867596,18.46804021984572,0
101,0.14404728377066206,1.1410534324586759,19.073292879971675,0
102,0.13885616332685302,1.143433673346294,18.724691033656224,0
103,0.14462517030357133,1.1406976593928573,18.859532784302893,0
104,0.14001925415967897,1.142837491680642,19.140695288698176,0
105,0.14445957297421494,1.14087285405157,19.395455845859267,0
106,0.1446731127846563,1.1409197744306874,19.40132146148008,0
107,0.14241298393311236,1.1420000321337753,19.71235559243489,0
108,0.1431063519657937,1.1416032960684126,19.161262413090576,0
109,0.1401580122518935,1.142921975496213,19.28959743893786,0
110,0.13572845615350773,1.1449770876929846,18.889459908706748,0
111,0.14364298444649473,1.1413020311070106,19.274244309957517,0
112,0.1469606421118147,1.1397947157763706,19.623179869533768,0
113,0.1409531886841582,1.1426136226316836,18.763410642794206,0
114,0.1452117074695452,1.1406105850609096,18.74012985328047,0
115,0.14504455621018858,1.1407368875796229,19.456102614008543,0
116,0.1430663223776442,1.1417053552447116,18.797157242139214,0
117,0.14446392937603716,1.1411821412479257,19.586566616414355,0
118,0.13837030781028842,1.1440933843794232,18.761053603921802,0
119,0.14323094908621867,1.1416941018275626,19.226314035292155,0
120,0.14278996772107005,1.14196406455786,19.31362392920027,0
121,0.14292772370362825,1.1418245525927435,18.60420192225449,0
122,0.13857038436094088,1.1438052312781182,18.876372133348617,0
123,0.13866000600068995,1.14376198799862,19.284152628784106,0
124,0.1387924157650376,1.1437511684699249,18.458718073225654,0
125,0.14348351726496528,1.1416389654700694,18.4833750683529,0
126,0.14255522877606597,1.142087542447868,18.985859014190332,0
127,0.1384720499684595,1.143845900063081,18.79370949158311,0
128,0.1381440013581806,1.1440539972836388,18.9998258171723,0
129,0.13979150652817932,1.1433649869436413,18.38238067367978,0
130,0.13823768344086093,1.1441546331182781,18.868328629240104,0
131,0.1377336441571393,1.1443367116857215,18.586242225246423,0
132,0.13967406198079343,1.1435138760384131,19.108442396789222,0
133,0.14133427265420254,1.142805454691595,19.11228170362136,0
134,0.14057125214657612,1.1431634957068477,18.953323313487882,0
135,0.14160974797643403,1.142844504047132,19.345907759379656,0
136,0.1375378253204596,1.1446363493590808,19.07463911518623,0
137,0.13752160020854717,1.1446967995829056,18.816464296200188,0
138,0.13526693726265918,1.1458541254746817,18.484004110816457,0
139,0.14091881900363504,1.14332036199273,19.593051983948904,0
140,0.13901664695599714,1.1442147060880057,18.6928632123916,0
141,0.13942885771523356,1.144062284569533,19.71669169557761,0
142,0.13810021337011683,1.1447415732597663,18.15974474308608,0
143,0.14118638547064646,1.143203229058707,19.059727286645295,0
144,0.14160753830799208,1.1431149233840159,18.620341069511646,0
145,0.14041171481749884,1.1435925703650023,18.630880031339743,0
146,0.1419529937149552,1.1429520125700896,19.330738864247458,0
147,0.1456897207080206,1.1411365585839588,20.752462439348857,0
148,0.14090096225448717,1.1433240754910257,18.232549680180924,0
149,0.14275735726978617,1.1425632854604277,19.19061246409322,0
150,0.1378119555155414,1.1448080889689172,18.932764249851278,0
151,0.1431381414789375,1.142231717042125,18.28787829721911,0
152,0.1385942561957035,1.144181487608593,18.545912619084593,0
153,0.143480130176972,1.141991739646056,19.420960973398913,0
154,0.1416059486824285,1.142842102635143,19.009862562991692,0
155,0.13873959920601067,1.1442668015879787,18.428165643516486,0
156,0.13810991688035432,1.1445281662392914,18.831013760466185,0
157,0.14121096252828708,1.1430200749434258,17.99052829152291,0
158,0.13411987942360862,1.1463942411527828,18.42262993992187,0
159,0.1415213085920625,1.143065382815875,18.53250326391815,0
160,0.1390725838119965,1.144242832376007,19.20445987140286,0
161,0.14165231052456165,1.1430073789508768,18.412413690163703,0
162,0.13977976072476309,1.1438304785504738,18.264832512053225,0
163,0.13512640305802898,1.145993193883942,18.275988587127273,0
164,0.14074055590265605,1.1432408881946878,19.838376724972054,0
165,0.1437225852430156,1.1418568295139688,19.034104687150112,0
166,0.13642597626098144,1.1452500474780372,17.95418359616587,0
167,0.13864719178067775,1.1443236164386446,18.643723340625268,0
168,0.14499920688407156,1.141361586231857,19.10785876208488,0
169,0.13783253698411774,1.1447269260317645,18.402978880118333,0
170,0.13735039509482672,1.1449012098103466,18.370747523655165,0
171,0.14443668903100423,1.1416146219379915,18.36887550604083,0
172,0.13957964844655377,1.1438387031068924,17.96006383802445,0
173,0.14186850244036853,1.1427109951192629,19.16709811457023,0
174,0.13826246424895544,1.1444010715020891,18.69427153600772,0
175,0.13758570018931943,1.1447045996213612,18.80513521081231,0
176,0.13844643218244038,1.1443331356351192,18.618383010115288,0
177,0.14134952711988297,1.142980945760234,18.681526321501494,0
178,0.14242634608242702,1.1425273078351459,18.92564711934712,0
179,0.13318427061235655,1.146865458775287,19.703198038936407,0
180,0.13669724096528243,1.145093518069435,20.175653021389735,0
181,0.1376300129404281,1.1447879741191438,19.159672165653088,0
182,0.13772243321883718,1.1447731335623257,18.381194626222836,0
183,0.13855367799870358,1.1443826440025928,19.54347649615198,0
184,0.13962401968825502,1.14381996062349,19.14107691991974,0
185,0.13861443462434272,1.1443671307513146,18.79661921924776,0
186,0.14167904718922195,1.142923905621556,18.76879692375785,0
187,0.14250253144908503,1.14243893710183,19.789869143805106,0
188,0.14204308070434643,1.1426678385913072,19.058303202475454,0
189,0.1471945013591259,1.1403929972817481,19.964281729759726,0
190,0.13941055461935345,1.1439248907612931,18.890456841699276,0
191,0.13858992042491278,1.1443601591501744,18.725809783454284,0
192,0.14290248149279844,1.1423890370144032,18.94982773289788,0
193,0.13831220126898822,1.1445455974620236,18.68018242272853,0
194,0.14354919048400047,1.142065619031999,18.48626521395466,0
195,0.14069123235266653,1.143409535294667,18.939635810455535,0
196,0.1392991598556421,1.1439716802887159,17.833418726322915,0
197,0.14203695889738974,1.1426200822052206,18.409549411833684,0
198,0.1409209316830639,1.1431701366338722,18.81738023553126,0
199,0.14614796732196272,1.1406200653560745,19.037374829851796,0
200,0.13355712373637826,1.1465177525272434,17.62048500251388,0
201,0.13992276690730718,1.1435824661853857,18.28274893002,0
202,0.14347226847178263,1.1419334630564348,19.638835079070198,0
203,0.1407346679078432,1.1432866641843136,18.669446846029366,0
204,0.1436762085430286,1.1419035829139428,18.704315699547728,0
205,0.14093288668972523,1.1431342266205495,18.412754127482458,0
206,0.1436207748012249,1.1418744503975502,18.982485460112972,0
207,0.14442627150082366,1.1414514569983527,19.0556538820385,0
208,0.13625981047682062,1.1453563790463588,20.616051455230732,0
209,0.13959172011046808,1.1437285597790638,18.431070039380515,0
210,0.14274192670127356,1.1422801465974528,18.870120387159375,0
211,0.14007356166969093,1.1435048766606182,18.63997720506135,0
212,0.13978367076603712,1.1435466584679257,18.877387635300877,0
213,0.13564368623535575,1.1453566275292886,18.436822003932342,0
214,0.14167661605525259,1.1424807678894948,18.106142918719023,0
215,0.1378095353483797,1.1442189293032405,18.79014758452683,0
216,0.14143980013176727,1.1425263997364654,18.396152528818966,0
217,0.1416525942583439,1.1423888114833123,19.132389569025626,0
218,0.13717119415401807,1.1444796116919638,18.7983527137359,0
219,0.13586168936710952,1.145058621265781,19.162053666835696,0
220,0.1444114834361152,1.1411890331277696,19.100888984358797,0
221,0.13621935540324084,1.1449372891935183,19.234665053197347,0
222,0.14466032862248251,1.141073342755035,18.855781963082645,0
223,0.14243178672016793,1.1420224265596641,18.997313486157054,0
224,0.13708772455254764,1.1444965508949048,19.130964434017365,0
225,0.14274812118388344,1.141819757632233,18.637199684403,0
226,0.14277820865959803,1.141763582680804,19.53464966508406,0
227,0.14527909442035383,1.1406158111592923,19.755310342708277,0
228,0.138336681984226,1.143830636031548,18.467303346763636,0
229,0.13954259522717738,1.1432568095456452,18.33107379352109,0
230,0.1433716057421104,1.1415047885157792,19.760043426223376,0
231,0.14000172539526584,1.1429185492094682,18.37037507393145,0
232,0.14136775139384045,1.1422904972123191,18.476248140454004,0
233,0.13849646914119348,1.143689061717613,19.659772075184136,0
234,0.13911082130828625,1.1434083573834275,19.556489589665336,0
235,0.145359026939248,1.140603946121504,19.303613768979897,0
236,0.1411948854757452,1.1424302290485095,18.916420490097963,0
237,0.14296519580867614,1.1414816083826478,18.73849315605012,0
238,0.14207406012536486,1.1419218797492703,18.819818930593634,0
239,0.14181160092662914,1.1420307981467417,19.33438417103394,0
240,0.13983411179101476,1.1429017764179705,19.073302118701765,0
241,0.14144785941805768,1.1420662811638846,19.031626629732248,0
242,0.14361900512346706,1.1410839897530658,19.12954294251425,0
243,0.13854623375628147,1.143281532487437,19.796535080552466,0
244,0.14268212825387,1.14141374349226,18.38217426219186,0
245,0.1452738930527442,1.1401922138945115,19.440788482115728,0
246,0.14240602780739367,1.1415019443852126,18.47253222346272,0
247,0.14170041723531715,1.1418651655293657,18.290774616317886,0
248,0.14364856667181147,1.140950866656377,18.16797033353909,0
249,0.14145236867502792,1.1419192626499441,18.528386385439287,0
250,0.14197885963681914,1.1417342807263617,18.608863745560395,0
251,0.14408755237620471,1.1407188952475906,18.17666604507304,0
252,0.14531141418555996,1.14023517162888,18.753840190969903,0
253,0.14234235769147127,1.1415732846170574,19.14772931272373,0
254,0.14533360290917363,1.1402207941816527,18.882783617570635,0
255,0.13917307901758974,1.1430498419648205,18.13584351264134,0
256,0.14321122046004087,1.1411455590799182,18.907927641048268,0
257,0.13886633246331848,1.143311335073363,19.39730695574368,0
258,0.1411889925217568,1.1422640149564864,18.239161201232495,0
259,0.14332541298140364,1.1412371740371927,18.122628758470412,0
260,0.1450756302848864,1.1403407394302272,18.52060186746017,0
261,0.1420135602130413,1.1417868795739174,19.10483392813954,0
262,0.1384520339379619,1.1434939321240762,18.075673127272896,0
263,0.1417347986365935,1.141926402726813,18.60860853903739,0
264,0.14295839849308617,1.1413712030138277,18.24030567631136,0
265,0.14433148303556373,1.1407770339288725,18.443766083276024,0
266,0.1420497038135296,1.1418845923729408,18.6144725550868,0
267,0.14189371658592503,1.14191856682815,18.86080217667641,0
268,0.14347532403170538,1.1412753519365892,19.520050027047944,0
269,0.13779934442646252,1.143915311147075,18.992629966180807,0
270,0.14367501607890285,1.1411799678421943,19.23706145590554,0
271,0.13734697464358744,1.144212050712825,18.753205566804674,0
272,0.13869622342368115,1.1435455531526377,18.994077255624294,0
273,0.145264259906359,1.140501480187282,19.37732170725017,0
274,0.14305548495433765,1.1415950300913247,19.79840212779967,0
275,0.14602391343471255,1.1401981731305748,18.88410484574807,0
276,0.14115382874383275,1.1424603425123345,19.01260378202296,0
277,0.14853945170793403,1.139151096584132,19.140762578302585,0
278,0.14763778901682936,1.1395184219663412,19.08682147846421,0
279,0.1480072458645912,1.1394175082708176,19.394911067732117,0
280,0.14753746026530756,1.1395890794693848,19.171070418994244,0
281,0.14799224592231053,1.139307508155379,19.076448932035433,0
282,0.15173509967898496,1.13756380064203,19.617521108093342,0
283,0.15250943384123294,1.137111132317534,19.019138955408657,0
284,0.14874457906898833,1.1387128418620234,19.24172808785564,0
285,0.15488382197274136,1.1359043560545172,18.682114016325748,0
286,0.15143054660545094,1.137558906789098,18.383160428092637,0
287,0.15646053738295032,1.1354029252340994,18.645742861987408,0
288,0.1527777532082183,1.1369004935835634,18.954930253785847,0
289,0.15732625693688584,1.1349614861262283,19.336639753852303,0
290,0.15684630706621255,1.135239385867575,19.65441674186856,0
291,0.1591698661174921,1.1341242677650158,19.11189184122407,0
292,0.15384256369907004,1.13647887260186,20.171241475662555,0
293,0.16329719834225406,1.1322876033154918,18.778125376330735,0
294,0.15950622469217135,1.1340535506156573,19.99383431276203,0
295,0.1613190399640924,1.1333539200718152,18.701029087471717,0
296,0.16212665843752141,1.1331526831249572,19.34928582233491,0
297,0.16143044259648137,1.1334251148070373,19.770362386183955,0
298,0.16497002742530728,1.1318379451493854,19.44189203174444,0
299,0.16753403397409103,1.130725932051818,18.985999652726196,0
300,0.1670338734084232,1.1309182531831536,19.551478323580458,0
301,0.2724762641952816,1.0915314716094369,21.684930420709456,0
302,0.27034501174139214,1.0921879765172158,22.39263017380641,0
303,0.27032256549403866,1.0921688690119227,22.282949654286604,0
304,0.2746655178656927,1.0908189642686146,24.34814825428696,0
305,0.2728961797388834,1.0913816405222332,22.959101610288208,0
306,0.2780275189897221,1.0898309620205557,22.3375896720626,0
307,0.2748013767610297,1.0908292464779406,22.566181115223415,0
308,0.2765679467306328,1.0901821065387345,24.156758915822223,0
309,0.27799349913326693,1.089733001733466,22.8686467555771,0
310,0.2831450270669336,1.0881059458661326,23.173229284443547,0
311,0.28386256314624136,1.0879008737075173,21.8696647155319,0
312,0.2771727665849023,1.0900444668301954,22.759944199416793,0
313,0.2832399184006206,1.0882161631987588,22.95788909336418,0
314,0.2806546090293901,1.0890507819412198,22.35223925903763,0
315,0.27904532257196885,1.0895613548560623,22.122741118843955,0
316,0.28482913561043627,1.0878297287791274,22.974429690898567,0
317,0.2833661440962123,1.0883057118075754,23.202789647313907,0
318,0.2848076433097616,1.0878947133804768,23.31477541778287,0
319,0.2861876880173629,1.0874026239652743,23.679134983148344,0
320,0.28750229664711824,1.0870374067057635,22.234160903331478,0
321,0.2884151730030139,1.0867796539939722,24.022687043458898,0
322,0.28773859915787287,1.0870308016842543,22.907758488573585,0
323,0.28988900915220617,1.0863859816955876,22.703175011053958,0
324,0.2855785521414027,1.0877428957171946,21.678951122801564,0
325,0.2866990138310415,1.087417972337917,22.680859448102648,0
326,0.2928792169034799,1.0855375661930402,22.736031327198873,0
327,0.2907589521867768,1.0860920956264464,22.70894652969601,0
328,0.29382941703109444,1.0851811659378112,24.175487931145838,0
329,0.2953916741502775,1.084678651699445,23.4761246757831,0
330,0.29680183011604605,1.084252339767908,23.94347147386886,0
331,0.29483929368940365,1.0848874126211927,23.403544399236218,0
332,0.2944468133950473,1.0850023732099054,23.21839370139405,0
333,0.29705121523924327,1.0841555695215135,23.093892120124274,0
334,0.29731731599984357,1.0841073680003128,23.331939877524356,0
335,0.3025717501137129,1.0825984997725742,22.96839716403688,0
336,0.29876403844828897,1.083627923103422,22.944979320804478,0
337,0.2988385696643488,1.0836468606713023,22.797069097965114,0
338,0.3020016788106575,1.082766642378685,23.931957974640433,0
339,0.3011899378061923,1.0830201243876154,23.490823319001343,0
340,0.3032515669745947,1.0824308660508106,24.187272518719304,0
341,0.3058155819062863,1.0816508361874273,23.441891666549218,0
342,0.30558368227247307,1.0817386354550538,23.566096460247955,0
343,0.31027263165760394,1.0803507366847922,24.16349260889057,0
344,0.30304816079260466,1.0824176784147908,23.285437723731874,0
345,0.3051511459754918,1.0818717080490163,22.92119125682565,0
346,0.3067402569133879,1.0813874861732242,24.376479683839086,0
347,0.31112650671807096,1.080186986563858,23.76516151039239,0
348,0.3095523766786889,1.0806832466426222,23.129024731999763,0
349,0.3107591519624469,1.0803496960751062,22.813128904628535,0
350,0.31440175693540323,1.0793404861291935,23.33703301762936,0
351,0.31569824090771714,1.0789615181845658,24.25753883904656,0
352,0.31441643505812655,1.0792831298837469,23.739467699702637,0
353,0.3150001088905946,1.079085782218811,24.74727101079884,0
354,0.3144353151628344,1.0792593696743311,23.21627388896802,0
355,0.3173501014677122,1.0785017970645756,24.04047557974087,0
356,0.31988438630902055,1.0777472273819588,24.014126019317146,0
357,0.3202746821154093,1.0776926357691814,24.39288918954466,0
358,0.3195770342262666,1.0779099315474667,23.642042393443425,0
359,0.31996534020036466,1.0777653195992707,23.365038575079815,0
360,0.32189348173808235,1.0771930365238354,24.00679172257014,0
361,0.32245030653085216,1.0770633869382957,24.01718786281068,0
362,0.3261262111249807,1.0760255777500385,24.657212467849362,0
363,0.3262616376405352,1.0759567247189297,23.854829473279317,0
364,0.3272790608028425,1.0757018783943149,23.50806156851048,0
365,0.32745959273248015,1.0757268145350396,24.28072729869557,0
366,0.32909898023642825,1.0753220395271434,24.002823844107716,0
367,0.32607760472172487,1.0760967905565502,24.335319914918127,0
368,0.32602374876035617,1.0761705024792876,24.532173996322832,0
369,0.33033035573523406,1.0750692885295319,24.33461254971936,0
370,0.3331202202010577,1.0744015595978846,23.620412474612166,0
371,0.3352202446074827,1.0738395107850347,23.91420765679922,0
372,0.33747608016269504,1.07325783967461,24.1975834616131,0
373,0.3369870918332234,1.0734158163335532,24.84615631563645,0
374,0.3398358682587971,1.0727742634824058,25.497734999485488,0
375,0.34019124623735236,1.0727195075252953,24.32822625601718,0
376,0.3405585821935208,1.0725928356129584,24.644179848892506,0
377,0.34197475517991544,1.072238489640169,24.720342413368513,0
378,0.34188014236709274,1.0722617152658145,24.53379226656857,0
379,0.34212034864741114,1.0721993027051777,24.560561882293833,0
380,0.3427920691379035,1.072013861724193,24.834940103654198,0
381,0.3485490572550852,1.0706078854898295,24.204076447201405,0
382,0.345460063725266,1.071313872549468,24.69380775950919,0
383,0.35220826000745303,1.069749479985094,24.266218177320624,0
384,0.34565614902029507,1.0713957019594098,24.654161288607916,0
385,0.34725079676428466,1.0709604064714306,25.238509417983593,0
386,0.35083569682351645,1.0700506063529671,25.435791875207705,0
387,0.35364343480892707,1.069391130382146,24.99042511711633,0
388,0.3575733807477899,1.0684612385044203,24.736620964741135,0
389,0.3556031024901258,1.0689117950197484,26.283544786614065,0
390,0.35222136137410104,1.069661277251798,24.845549195506823,0
391,0.35725821082674075,1.0684855783465186,24.76663511882928,0
392,0.35896881556336707,1.0680383688732658,25.320459460931556,0
393,0.3644802705333173,1.0668234589333654,26.078088249728033,0
394,0.36356326802130956,1.0670634639573808,25.45742187453012,0
395,0.368383601175626,1.065974797648748,25.29430589215187,0
396,0.3613070789262723,1.0675578421474554,26.152698168858816,0
397,0.37084916500687964,1.0653896699862406,25.64126076975652,0
398,0.36849979062766375,1.0658604187446725,25.878381959101965,0
399,0.36656707373310266,1.0662178525337946,27.204204846149032,0
400,0.3703551968860745,1.065345606227851,26.54752586484427,0
401,0.3698739460127308,1.0654701079745383,25.009373066760737,0
402,0.37376682552175094,1.064628348956498,26.182722989589358,0
403,0.37375039567629365,1.0645972086474127,25.981836247736204,0
404,0.37447552057599964,1.0644409588480006,26.55573675811264,0
405,0.37393750825623234,1.0645929834875354,26.23233404856717,0
406,0.3726754167720981,1.064847166455804,26.146247099116756,0
407,0.3783498125898851,1.0635983748202298,26.366167097927246,0
408,0.381260499584332,1.062991000831336,26.04844272387985,0
409,0.380588364968501,1.063125270062998,25.864977700085383,0
410,0.37915284478088784,1.0633883104382242,26.201319924360703,0
411,0.38386577912202585,1.0623864417559483,26.212506145617123,0
412,0.38164540241138334,1.0628571951772334,25.79689766245261,0
413,0.38632815998464354,1.061961680030713,26.583244139453274,0
414,0.38434555303415224,1.0623488939316956,26.613751384409724,0
415,0.3900355966076848,1.0611888067846305,25.810191749431397,0
416,0.3923631671107672,1.0607516657784655,26.038509159768548,0
417,0.39587668107058005,1.05999663785884,26.26329156460691,0
418,0.3889615524854472,1.0614488950291057,26.939298532277434,0
419,0.39078757209346954,1.061076855813061,27.686751046234466,0
420,0.39705175828837164,1.0597804834232567,26.115278756478546,0
421,0.3944188754132243,1.0602842491735516,25.72157039407275,0
422,0.39771215818596506,1.05957768362807,26.554718718195026,0
423,0.3968916161820395,1.059772767635921,27.028995248515255,0
424,0.39695057815572726,1.0596688436885455,26.447372727176734,0
425,0.40150549325566265,1.0587130134886749,26.315934432191156,0
426,0.40092097553600375,1.0588160489279923,26.707240868690725,0
427,0.4060103148656348,1.0578193702687302,26.51052352157085,0
428,0.4044021549908623,1.0581236900182753,27.424609034796383,0
429,0.4067328046797173,1.0577303906405653,26.652560729388274,0
430,0.4099063866294288,1.0571572267411424,26.903476807194338,0
431,0.40888356503166073,1.0573728699366785,26.430282539506187,0
432,0.411425971295697,1.0569640574086059,26.61096284944931,0
433,0.41109508659598065,1.0569518268080387,26.904004496391828,0
434,0.4133434481013642,1.0565531037972717,26.983763217575778,0
435,0.41570588921546037,1.0561002215690793,27.478177436170924,0
436,0.4168214310235691,1.0559551379528618,27.332611257912664,0
437,0.4172673845303129,1.0558992309393742,27.39642067667689,0
438,0.41386621892611775,1.0565215621477646,26.6211551164295,0
439,0.4186943563834619,1.0556312872330762,27.62399886148457,0
440,0.4179046567440885,1.055790686511823,28.022056593515195,0
441,0.42176986052921356,1.0551062789415728,27.310826561070883,0
442,0.42281616161908164,1.0549416767618367,27.33037498440857,0
443,0.42379330292913003,1.05478739414174,26.720662103742207,0
444,0.42161662668360567,1.0551267466327887,27.814065316614155,0
445,0.42641064731244643,1.054302705375107,28.029954051880814,0
446,0.43052179191023443,1.053664416179531,27.188943714946426,0
447,0.43152611402604896,1.053461771947902,28.013631720787096,0
448,0.4357105575038934,1.052832884992213,27.67018847974078,0
449,0.4324610490227235,1.053355901954553,27.433848492716592,0
450,0.4324265135715965,1.0533349728568069,27.66923382961475,0
451,0.4337270241570575,1.053135951685885,28.17366181896427,0
452,0.43569215885306795,1.052781682293864,27.90316400724881,0
453,0.4345732638965222,1.0529594722069557,28.658422023981004,0
454,0.44038212788123565,1.0521037442375287,28.106349701830037,0
455,0.43870470828433056,1.052368583431339,28.282101744753625,0
456,0.4416034909702721,1.0518990180594558,27.963212548061144,0
457,0.44249863611568657,1.051806727768627,28.161014517013957,0
458,0.4399494457817889,1.0522091084364222,28.448434579652314,0
459,0.44232142706033467,1.0518271458793307,28.08000341535773,0
460,0.4416690585741652,1.0519098828516695,27.98737371231391,0
461,0.4451614712968152,1.0513470574063697,28.109887781769213,0
462,0.4457719390481667,1.0512021219036667,28.04806002641245,0
463,0.4517175807500393,1.0502788384999213,28.158726532438237,0
464,0.45436329114464735,1.0499094177107053,28.677309693682947,0
465,0.4498427734708654,1.0505984530582693,27.763547081630637,0
466,0.4511361533167803,1.0504476933664393,28.325112513538212,0
467,0.44857438265051386,1.0508632346989721,28.232534478241604,0
468,0.4565993325042492,1.0496433349915015,28.303190659487914,0
469,0.4584237738724253,1.0493844522551494,29.41829074540152,0
470,0.45978696702324495,1.0491460659535101,29.211973504528494,0
471,0.4577527509607179,1.049470498078564,29.333500424516615,0
472,0.4614231285399624,1.048985742920075,28.41186065355532,0
473,0.46018082544320293,1.049134349113594,28.765702637411447,0
474,0.45758042061031096,1.049535158779378,29.855115262649715,0
475,0.4625601249871951,1.0488157500256097,28.58357729445968,0
476,0.4678026580104927,1.0480826839790147,28.827451525943886,0
477,0.4683538827219068,1.0480042345561864,28.534337519823573,0
478,0.46432680278420285,1.0485663944315942,28.80078186323609,0
479,0.46518897039516827,1.0484560592096634,28.66658055576506,0
480,0.4680777803384426,1.0480784393231148,28.906331443622676,0
481,0.47110907765306476,1.0476958446938704,29.175342485901716,0
482,0.4691302925650446,1.0478874148699107,29.605034723391373,0
483,0.47757134802014634,1.0468393039597073,28.4648268757315,0
484,0.47567870717011174,1.0470665856597767,29.185825684842946,0
485,0.4734102605676627,1.0473154788646746,28.953065456091018,0
486,0.47190684671863403,1.047468306562732,29.94269708907833,0
487,0.4757808148103368,1.0469143703793262,30.169768984181246,0
488,0.4768829869468528,1.0467760261062942,29.847480836817006,0
489,0.48045215475450076,1.0463696904909985,29.625887789799194,0
490,0.4834229495215523,1.0460201009568955,29.893031327328124,0
491,0.48006351435711614,1.0464129712857677,29.03084307655701,0
492,0.48802279038353524,1.0455444192329295,29.61901116731542,0
493,0.4880485860430648,1.0455368279138704,30.16240623166673,0
494,0.4864660380643083,1.0457379238713833,29.11343136977417,0
495,0.4911072306977363,1.0452135386045274,29.237184065270753,0
496,0.4869253637857347,1.0456172724285304,29.65070304243553,0
497,0.49278394703612616,1.0450141059277476,29.609913792613384,0
498,0.4948209172213357,1.0447761655573287,31.763527082915193,0
499,0.48901944801649655,1.045381103967007,29.75695358665037,0
500,0.4940568874233454,1.044830225153309,29.781634470469637,0
501,0.4981075300323382,1.0444409399353236,29.811421490784657,0
502,0.49642213435747073,1.0446517312850585,29.763951491420652,0
503,0.49845235950264677,1.0444132809947064,29.904956399099465,0
504,0.4975013877749356,1.044483224450129,30.103325421018738,0
505,0.49416425300336886,1.0448474939932622,30.279265756467183,0
506,0.5010580737828145,1.044127852434371,30.012065903208672,0
507,0.5034460033040531,1.0439119933918939,30.58173919509313,0
508,0.5062799060768022,1.0436521878463958,30.161323372830005,0
509,0.5052844532664735,1.043699093467053,30.772757403241464,0
510,0.506906515397052,1.043484969205896,30.913825328432807,0
511,0.509710954640082,1.0432140907198362,30.41799188949529,0
512,0.5090619739789853,1.0432200520420294,30.547830719891383,0
513,0.5134065898726097,1.0428748202547806,31.494788851088906,0
514,0.5141989602781727,1.0428500794436546,30.520505459855016,0
515,0.5118486885909934,1.043062622818013,30.94201486082474,0
516,0.5154209382170641,1.0427841235658717,31.202383171237265,0
517,0.5120713087907767,1.0430453824184467,31.824148850379594,0
518,0.5174709752872402,1.0426520494255196,30.748383130035553,0
519,0.5161761137529981,1.0427417724940038,31.29185271093376,0
520,0.520377528710931,1.0424589425781379,31.62148721024795,0
521,0.5214131580355919,1.0423496839288162,30.91852629783097,0
522,0.522879109866738,1.0422057802665239,31.885102556454004,0
523,0.5201008742439288,1.0424542515121422,31.48090655944457,0
524,0.5268240595992281,1.042005880801544,31.519685194944685,0
525,0.5238340185912284,1.0421759628175433,30.68278238240764,0
526,0.5237525112842707,1.0422149774314586,30.876641092146784,0
527,0.5281306983640192,1.0419286032719617,31.627545378289348,0
528,0.5286210132200816,1.0419579735598368,31.140111014473497,0
529,0.5285556575226539,1.0419926849546923,31.708058527226406,0
530,0.5301552082859045,1.041899583428191,31.05422679503558,0
531,0.5336446263537521,1.041684747292496,31.528645470364566,0
532,0.5340679777056355,1.041640044588729,32.079718085801765,0
533,0.5330741015410001,1.0417337969179998,31.044431120210596,0
534,0.5357436661694259,1.0415486676611483,31.60120282950624,0
535,0.5346415655656884,1.0416068688686233,31.704468033849167,0
536,0.541713110896956,1.0411897782060882,32.08367117026881,0
537,0.539894817717583,1.0413063645648342,31.658201814359597,0
538,0.5398680073584341,1.041299985283132,31.580104726883278,0
539,0.5408544028148746,1.041215194370251,31.43688842140518,0
540,0.5434843080735112,1.0411053838529776,32.70828636797263,0
541,0.5410207501585991,1.0412384996828017,32.84784955447953,0
542,0.5000306886423784,1.0444386227152431,30.735630243705753,0
543,0.4998352160385552,1.0444315679228897,30.305157137045065,0
544,0.499632647562137,1.044446704875726,30.528849857928098,0
545,0.5015772983447337,1.0442914033105326,30.14782448811434,0
546,0.5013728623886607,1.0442922752226786,30.732973835991572,0
547,0.5058191857973707,1.0438616284052586,30.820534564644248,0
548,0.5041634530042418,1.0440510939915162,29.705167057867328,0
549,0.5063055937655935,1.043874812468813,30.752713067276872,0
550,0.5120759413997257,1.0433221172005487,31.080372016387766,0
551,0.5084755718556475,1.0436548562887051,30.478228960434716,0
552,0.51140325652419,1.0433814869516198,31.39163521311653,0
553,0.5064261359318432,1.0438277281363135,31.04818852670846,0
554,0.5106475796985822,1.0433948406028355,31.639605161930582,0
555,0.5131858219423214,1.0431503561153572,32.14460034745343,0
556,0.5112548597772254,1.0433042804455492,30.851002787723793,0
557,0.5159007109677926,1.0429425780644148,32.38102974842549,0
558,0.5167122033423148,1.0428875933153705,30.887793903874098,0
559,0.5167554771423212,1.0429050457153577,31.015105243727405,0
560,0.5169483399050634,1.0429013201898731,31.654845397088994,0
561,0.5163962084435151,1.0429435831129699,31.221388373589335,0
562,0.517762174883537,1.0427876502329259,30.2232492382725,0
563,0.5221400289668524,1.0424339420662951,30.472437220837122,0
564,0.5172294182844883,1.0428051634310234,31.58843215059816,0
565,0.5248805079659027,1.0422009840681947,30.738104278978625,0
566,0.5198694910433566,1.0425750179132869,31.283534523399247,0
567,0.5190040218834711,1.042653956233058,30.658303572389414,0
568,0.5271369541024403,1.0420320917951196,31.563071159019614,0
569,0.5275493449544618,1.0419953100910762,31.9558181610831,0
570,0.5254090331231073,1.0421539337537853,30.84327511854265,0
571,0.5267581171601414,1.042029765679717,31.659517082034252,0
572,0.5326009842226235,1.041666031554753,32.096073722044785,0
573,0.5307988655044468,1.0418122689911065,32.13369973716981,0
574,0.5309115113126939,1.0418009773746122,31.897883635246842,0
575,0.5271460032259156,1.0421019935481686,31.484463050536355,0
576,0.5328152581922175,1.041725483615565,31.74441796444154,0
577,0.5313663927486236,1.0418192145027527,31.256506016599978,0
578,0.5333572237906787,1.0416835524186425,32.41351339229778,0
579,0.5350156828643373,1.0415026342713254,31.77187381271304,0
580,0.5372476785132277,1.0412806429735444,32.35127566695961,0
581,0.5379663388022105,1.041211322395579,32.80266295115598,0
582,0.5384524043597394,1.0411831912805212,32.00800460947074,0
583,0.5343353950833443,1.0413972098333115,31.501671937146966,0
584,0.5404886486195418,1.0410087027609165,32.58669770652867,0
585,0.5397531001995717,1.0410417996008565,32.087241841021324,0
586,0.5404377490641984,1.0409425018716032,32.38131592893423,0
587,0.5406815528869676,1.0409248942260647,32.3897584132836,0
588,0.5408438330696705,1.040902333860659,33.7370261572132,0
589,0.5492328996151786,1.0404622007696427,33.45917363376608,0
590,0.5449507489752818,1.0406885020494365,32.42915370592215,0
591,0.5448475061752445,1.0406969876495114,32.53863415481468,0
592,0.5417739071185055,1.0408581857629893,33.98129346233543,0
593,0.5466983981763108,1.0405912036473783,32.535312270582,0
594,0.5484702056652478,1.0404735886695042,33.517717352968916,0
595,0.5460628199267809,1.0405883601464383,34.07693372913159,0
596,0.5487953516619571,1.0404832966760857,32.24483345153523,0
597,0.5467136449569165,1.0405967100861668,33.88479146391835,0
598,0.5507573235852623,1.0404113528294752,33.349986128321426,0
599,0.5477914447113488,1.0405291105773025,35.32759293757267,0
600,0.5511747771260657,1.0403784457478686,33.33876582557678,0
601,0.5522046399938748,1.0403187200122503,32.93566463560735,0
602,0.5530711999269938,1.0402496001460122,33.23840540187501,0
603,0.5556290325261551,1.0401339349476895,33.46897825565366,0
604,0.554974753871212,1.040110492257576,34.70280739940497,0
605,0.552008494927763,1.040207010144474,34.39055882145861,0
606,0.5583417382877938,1.0399805234244124,34.10400704999952,0
607,0.5597045430424888,1.0399509139150223,34.22266920627055,0
608,0.55721834864676,1.0400413027064799,33.987190712956405,0
609,0.5599504454996017,1.0399651090007966,32.848050859473545,0
610,0.5595704316747422,1.0399951366505158,33.176640112242936,0
611,0.5615012645652323,1.0399534708695355,34.54336747708684,0
612,0.557668295630084,1.040049408739832,33.23547102540622,0
613,0.5604572742769468,1.0399154514461064,33.924120849727444,0
614,0.5624934032364942,1.0398331935270115,35.60944888974261,0
615,0.5647914456171912,1.0397471087656176,33.86137708237034,0
616,0.5678555797130332,1.0396708405739334,34.76371138031647,0
617,0.5657582438777533,1.0397535122444934,34.059544449255895,0
618,0.5621295775064395,1.0398528449871207,33.60654045096505,0
619,0.5658010993441438,1.0397518013117124,34.61697251122798,0
620,0.5680865299465746,1.039650940106851,33.59301561288065,0
621,0.5679722511971674,1.0396254976056651,34.64207287903823,0
622,0.5668539669016155,1.039618066196769,34.756277272379776,0
623,0.5770968038599129,1.0394003922801742,37.13857417834596,0
624,0.5756481486335219,1.0394117027329564,35.13645482786252,0
625,0.574286338517952,1.039433322964096,36.07804693814428,0
626,0.5692356771997334,1.0395166456005331,33.788968972452324,0
627,0.5742858523155384,1.0394002953689232,35.755701788894214,0
628,0.5723918548159551,1.0394262903680895,34.24898532608241,0
629,0.5744591832230813,1.0393916335538371,36.018992558134826,0
630,0.5721574489617596,1.039407102076481,34.786586483348025,0
631,0.5784587531443719,1.0392684937112562,35.34055968224804,0
632,0.5772997583574478,1.0392944832851043,34.45832008305133,0
633,0.574759854125278,1.039322291749444,37.68870024947989,0
634,0.5809733699840995,1.039221260031801,35.73565020094514,0
635,0.5819934956266882,1.0392170087466235,34.423296296271445,0
636,0.5789787152484492,1.0392685695031016,35.199361585465724,0
637,0.5799885840285786,1.0392348319428428,35.80964955426079,0
638,0.5785020670344903,1.0392778659310196,36.223137304053196,0
639,0.5832826278798027,1.0392147442403945,35.132962682667724,0
640,0.5851657385709199,1.0392065228581602,36.0410802659794,0
641,0.5805713848090304,1.0392952303819392,35.48012840678575,0
642,0.5851031566247399,1.0392136867505204,35.94031551328327,0
643,0.5868668073372539,1.0391623853254923,35.50250009003542,0
644,0.5880202198287451,1.0391535603425097,35.857850289740696,0
645,0.5834035019109728,1.0391529961780543,35.98029038844851,0
646,0.5876475625048941,1.0390588749902119,37.37207052323183,0
647,0.5905614389368986,1.0390471221262028,35.72037995679024,0
648,0.5892093434064519,1.039077313187096,35.50932062150591,0
649,0.586402448782211,1.039087102435578,35.92645259430016,0
650,0.5929366057874277,1.0390387884251446,35.60015928945383,0
651,0.5895407148686831,1.0389865702626337,37.001884615819606,0
652,0.5852127755584623,1.0389944488830756,35.618248308947734,0
653,0.5939109339939389,1.0389701320121223,35.03536421120509,0
654,0.5952879680024404,1.0389640639951192,37.30837198754316,0
655,0.5951049040099062,1.0389441919801876,36.450582956313056,0
656,0.5943854596596054,1.039011080680789,36.50940753747132,0
657,0.5952341953271914,1.0390536093456175,35.909549282295664,0
658,0.5945382456544669,1.0390855086910662,35.85895690230625,0
659,0.5950482574099489,1.039111485180102,35.12118583019215,0
660,0.5959583904897569,1.0391292190204862,36.38238163093934,0
661,0.5945745951265173,1.0391148097469654,35.50082258743127,0
662,0.5972271915891252,1.0391836168217496,35.72118055896061,0
663,0.5974260593467544,1.0391878813064914,35.453263559567084,0
664,0.6019319467196881,1.039228106560624,36.518413893710466,0
665,0.6012601556673829,1.0392336886652342,36.88607254602817,0
666,0.6004651269747375,1.039263746050525,36.241107877257576,0
667,0.6017080152075169,1.0393039695849662,35.51043675475024,0
668,0.6048182140806009,1.039321571838798,36.54708192519265,0
669,0.597216810797326,1.039258378405348,35.8698557462343,0
670,0.6013602690459192,1.0392494619081616,37.18071093818655,0
671,0.6023818845155909,1.039310230968818,36.329709003774695,0
672,0.6029827190932796,1.0393185618134408,35.89788300929085,0
673,0.6037899202423722,1.0393341595152554,35.78537437688893,0
674,0.6062414500614528,1.0393490998770945,36.60513069698982,0
675,0.6084473351412563,1.0394033297174874,37.02826728060702,0
676,0.6040293017292536,1.0393413965414928,35.81654513500004,0
677,0.6089292384136384,1.0394155231727231,35.889038748889135,0
678,0.6089846846485322,1.0394106307029356,36.20020103787661,0
679,0.6098621309478172,1.0394637381043659,36.02619734745416,0
680,0.6090370452078441,1.0394479095843119,36.600289820964996,0
681,0.6057796681314812,1.0393846637370376,36.623736199640575,0
682,0.6133192549786087,1.0395354900427827,36.72978082671912,0
683,0.6109244177516885,1.039477164496623,35.55461878416459,0
684,0.6088695480492946,1.039448903901411,37.091401617673,0
685,0.6093655842654694,1.0394508314690614,36.52934821722109,0
686,0.6139638934262989,1.0395842131474022,36.64325430139358,0
687,0.6132473554428364,1.039569289114327,37.54974881543585,0
688,0.6148664602419823,1.0395450795160353,37.64770038908675,0
689,0.6164001051465513,1.0395977897068975,37.86820759642819,0
690,0.614329379464614,1.039565241070772,36.243957632235265,0
691,0.6096857574056176,1.039450485188765,37.046724305407096,0
692,0.6160055400960222,1.0395829198079556,36.7318500752651,0
693,0.6157873894325689,1.0395772211348622,36.671761362228345,0
694,0.6136570642450003,1.0395218715099994,36.15298529329576,0
695,0.6151764768250061,1.0395470463499876,37.26971346826125,0
696,0.6172827863265333,1.0395984273469332,36.151852856778234,0
697,0.61765531545659,1.0396053690868199,35.8170299424607,0
698,0.618511971532238,1.039648056935524,37.168311427770035,0
699,0.6185361264674241,1.039633747065152,36.68140216398649,0
700,0.6189964773427157,1.0396330453145686,37.420528617835245,0
701,0.6192415224386093,1.0396189551227812,37.58614812880051,0
702,0.6201226062750159,1.0396607874499681,37.260733964881936,0
703,0.6245408576437419,1.0398382847125163,36.5934541652429,0
704,0.6207172746051713,1.0397434507896572,37.22466958061331,0
705,0.622298139105243,1.0398297217895138,37.09466488268386,0
706,0.6236143877337726,1.0398352245324547,36.701677054663925,0
707,0.6173460535530807,1.0396538928938386,36.35697330066711,0
708,0.6237032911912381,1.0398614176175238,36.73621311568455,0
709,0.6228618849394062,1.0398282301211874,37.517762849571454,0
710,0.6280218988943185,1.0400102022113629,37.016773186949145,0
711,0.6232581395907201,1.0398257208185597,36.738865299020986,0
712,0.6262891616888063,1.0399856766223874,37.27488293742916,0
713,0.6230688739534308,1.0398902520931383,36.22964314853041,0
714,0.6289950235445968,1.0400759529108063,36.19123099511738,0
715,0.6269464560360689,1.0400050879278624,36.80718061709938,0
716,0.6240925384506836,1.0398789230986327,37.23369747372462,0
717,0.6293534313557436,1.0400771372885127,36.097345333429615,0
718,0.6277668405413758,1.0400563189172485,37.13868186654602,0
719,0.6314605937235753,1.0402048125528494,36.76424392157193,0
720,0.6317399947126731,1.0401660105746537,37.66558477733176,0
721,0.6328639888756352,1.0402260222487296,36.181194824314275,0
722,0.6323070685114395,1.040249862977121,36.63200890862916,0
723,0.6306010526767297,1.0401278946465404,36.49163161831637,0
724,0.6362667768754822,1.0404124462490358,37.24936598200274,0
725,0.6317534943864376,1.040235011227125,37.996063535449956,0
726,0.6345872515920408,1.0403414968159184,36.95884253790197,0
727,0.6315024445796847,1.0402271108406305,36.748271197418525,0
728,0.6353861006634824,1.0403797986730352,36.86970577715423,0
729,0.6306663116256787,1.0401393767486429,36.608270170559265,0
730,0.6362206841115241,1.040382631776952,37.91617362109262,0
731,0.6334944463608294,1.0403131072783411,36.863520715137625,0
732,0.6328571743266279,1.040259651346744,37.07294804060867,0
733,0.6323434816088274,1.0402670367823454,37.53508846065359,0
734,0.6332784010279144,1.0403771979441712,36.371288136715634,0
735,0.6353630843180453,1.0404858313639092,37.722591926908336,0
736,0.6359950442691948,1.0405799114616103,37.250691544417066,0
737,0.6357187604446763,1.0406144791106473,36.86337394352842,0
738,0.6377122799881523,1.0407094400236954,37.476178203964956,0
739,0.6382651766203813,1.0407916467592373,37.303191673117766,0
740,0.6353592677075307,1.0406514645849385,37.367515593722686,0
741,0.5122931231755703,1.0409198106645148,38.42921323830724,0
742,0.6388135090731737,1.0407629818536526,37.76447355856092,0
743,0.6367661869720271,1.0405816260559457,37.733558960589654,0
744,0.6408912705937642,1.0408454588124718,37.13224983823126,0
745,0.6425230087796989,1.040931982440602,37.31241236609762,0
746,0.4782742891106696,1.0408064428140649,38.53750496494099,0
747,0.63986919634336,1.0408356073132798,37.53318540084401,0
748,0.37885839642000824,1.0409675843808963,38.877006037965145,0
749,0.6387665184748769,1.0408593156622417,38.005192745646674,0
750,0.6462098845839712,1.0412142308320576,37.69888315276044,0
751,0.6437758579992062,1.0410022840015876,37.96739859091073,0
752,0.5651564345835718,1.0409370317148727,38.25876349852997,0
753,0.2894793922186572,1.0412810505695063,39.1977769416553,0
754,0.6449701673437163,1.0410436653125674,37.97512717939738,0
755,0.5489925333816144,1.0409411255205334,38.3139130128604,0
756,0.6441454699903391,1.041013060019322,37.54370205818897,0
757,0.5382043205705054,1.0411172374203186,38.35792353573112,0
758,0.5039492956346742,1.0408641868071822,38.458412036539116,0
759,0.33948760611306394,1.04113767610424,39.02545851944939,0
760,0.6462820784232255,1.041109843153549,37.940145771816745,0
761,0.2482015644062761,1.0410361114818205,39.324061266176045,0
762,0.6471353174335052,1.0411453651329896,37.70955603001114,0
763,0.6457072780963634,1.0410554438072732,37.829752615962555,0
764,0.6466299387923471,1.0411161224153058,37.46839930387193,0
765,0.6440615450116509,1.0409129099766983,37.53840551981581,0
766,0.6452160198257606,1.0409699603484788,37.90453588691176,0
767,0.42772895242852094,1.0408948984570543,38.72073866114317,0
768,0.37634940201343386,1.0413367040436459,38.912727486549144,0
769,0.5219634611224764,1.041144785638312,38.419010486861225,0
770,0.5782438341085565,1.041257117050952,38.23881535788656,0
771,0.4652742512303355,1.041187291486266,38.61130701008844,0
772,0.5405816763489109,1.0412555176278195,38.363798549457265,0
773,0.650375234685682,1.041285530628636,37.838070357195946,0
774,0.2765297624103528,1.0412225643422512,39.24136651806174,0
775,0.5242892716381395,1.0412021894455479,38.41368211213029,0
776,0.6517537776913657,1.0414064446172686,37.98206833142484,0
777,0.6521762635755057,1.0414594728489885,37.53632910019631,0
778,0.479042629356236,1.0414898964747707,38.57723140802126,0
779,0.33312051326698666,1.0413853487070972,39.058619374598216,0
780,0.5720564033222478,1.0413952263807897,38.26461994495786,0
781,0.47867770039249224,1.041247916385058,38.56706113804993,0
782,0.6441989434460589,1.041424822780298,38.023192150545974,0
783,0.6476778435918069,1.0411843128163862,37.60440400139375,0
784,0.43242827561930663,1.0412944281776244,38.72439170097294,0
785,0.24370072921976055,1.041659087352181,39.37003909034716,0
786,0.34521634659114103,1.0413639916970905,39.01799219186771,0
787,0.5270718143448008,1.041480798734695,38.41946595429284,0
788,0.21988181500834125,1.041529832276057,39.445727562845434,0
789,0.5100870996249739,1.0412321133246563,38.46273947904233,0
790,0.2202319835482061,1.0413172661208976,39.43367127797115,0
791,0.5829980200867618,1.0415238135674034,38.23283024376512,0
792,0.2051360928494645,1.0415581331782422,39.49720280187138,0
793,0.5391715061351171,1.0414594968919746,38.379945818062986,0
794,0.40220473816540153,1.041511349657808,38.83866195668565,0
795,0.40241977123854766,1.0413283539150764,38.827750172679714,0
796,0.11164672545940524,1.041778729230444,39.818373033084576,0
797,0.3664240518044754,1.041681998577527,38.96529316302254,0
798,0.07229393134972328,1.0414406724909122,39.935585774682735,0
799,0.43617402043621734,1.0416052698060092,38.73118448220259,0
800,-4.976932969217878,1.0416339923450197,40.10964991015123,1
801,0.42862264464315036,1.041216306633812,38.737787340133146,0
802,0.12149253951989014,1.0414134554224463,39.77357910922962,0
803,0.3664508216334129,1.0412991495635957,38.952488678615964,0
804,0.10484440606626189,1.041605548320498,39.838379399244964,0
805,-5.230115872014696,1.0412520086545216,40.93564289229145,1
806,0.1927264803742823,1.041815300996528,39.550466230424846,0
807,0.4509000433442148,1.0415319900108098,38.67739320550127,0
808,-5.343982012680772,1.0416092010625253,41.328714707165034,1
809,0.33312492927410015,1.0417256865897164,39.07358742477014,0
810,0.37162436575290436,1.041484262091957,38.93577501067039,0
811,-10.211506292089759,1.0415315565204288,40.88171837943182,2
812,0.24408785716424203,1.0416129182783909,39.368705612321875,0
813,0.22439148800056563,1.0418211579728756,39.44016311004332,0
814,0.3566201598592404,1.0420211642157882,39.009054193442886,0
815,0.27872307157193155,1.0419001259801137,39.26455955146004,0
816,0.25156389781307537,1.0421532182518902,39.36448497686993,0
817,0.17429949320712157,1.041798421030331,39.60474765425904,0
818,0.4702208472433489,1.0419036608678691,38.62299774107572,0
819,0.2827486327482163,1.0417997947778639,39.246511566209506,0
820,0.17733766470113993,1.0416476604980647,39.59093501683276,0
821,0.4012258789225112,1.0420730601859063,38.86210863661512,0
822,-5.183388305401263,1.0419647122155415,40.80606649764498,1
823,0.2894077613074041,1.0416782078725675,39.21872044918771,0
824,0.45459720598995623,1.0418435560106434,38.67503672001574,0
825,0.4226611280343944,1.04166380895926,38.77350322495325,0
826,0.14582939818528495,1.0420689854376644,39.71465036365294,0
827,0.5336383314875308,1.0419235971973309,38.41461289971268,0
828,0.2344396300954939,1.041842705161367,39.40826339107941,0
829,0.3434063747547576,1.0416595677754636,39.037532804525036,0
830,0.3126237050810249,1.0418121398287803,39.14648741668195,0
831,0.366527679007894,1.0419853919821809,38.97520208333672,0
832,0.2999501861379993,1.0421113962502133,39.20290038578965,0
833,0.07242116740096805,1.0421282027512702,39.960535770744656,0
834,0.3265871802943753,1.0419689751981678,39.10699777368847,0
835,0.24307716144200164,1.042115542909441,39.390893557010926,0
836,0.07950813124663525,1.0417662126156837,39.922242541485076,0
837,0.4844775462195522,1.042007051435524,38.584183093542286,0
838,0.4704514779421761,1.0418000595605874,38.621254974258434,0
839,0.09849898743486618,1.0419342491126709,39.86509629336266,0
840,0.3411490590564909,1.041956194323659,39.0583328126056,0
841,0.3173694179947623,1.0420062398147556,39.14044487365953,0
842,0.6010498333083623,1.041823844209888,38.18737081528898,0
843,0.5863671524550499,1.0417916147638122,38.234593467210146,0
844,0.656314809932141,1.041760380135718,37.71623444307556,0
845,0.433558845952942,1.0419005251253863,38.74821297161455,0
846,-5.005589531717908,1.041819720367992,40.20818557177971,1
847,0.5193905132833164,1.0418806975310166,38.461163793170584,0
848,0.657494671893209,1.041884656213582,37.31485960579814,0
849,0.20641873921422177,1.0420772757992918,39.513128742953775,0
850,0.5608828864280208,1.0418644034387468,38.32241970617535,0
851,0.2712348764242837,1.0415603094322614,39.273616562865286,0
852,0.5846046982403243,1.0420081133983679,38.24971748353497,0
853,0.5476518834720822,1.041844791135061,38.36475906986796,0
854,0.6618086783202689,1.0421866433594622,37.47394567652721,0
855,0.6158171951129422,1.0420245932104948,38.14593836093937,0
856,0.11486521982430509,1.042158669564083,39.82268815131218,0
857,0.6594231015897988,1.0419577968204026,37.377519536502646,0
858,0.5658934899739285,1.0419266079903922,38.31037735343625,0
859,0.5786561167465244,1.041996020465631,38.2706562434022,0
860,0.43019731995390986,1.0418160439463773,38.75856219357634,0
861,0.21639946279180272,1.041609045726972,39.46256671448237,0
862,0.6530652475383506,1.041439504923299,36.963758288394004,0
863,0.6546034084147611,1.041547183170478,37.92161956875673,0
864,0.12417085776799619,1.041843486215215,39.77991466374799,0
865,0.1282115306550109,1.0416755865792953,39.76023558685114,0
866,0.47024278698783706,1.0419478624209284,38.63342427267233,0
867,0.656100935459403,1.041646129081194,37.90431911174333,0
868,0.6555384343647384,1.0415611312705233,37.586935526230306,0
869,0.5677905786092647,1.041630843192527,38.29233666598157,0
870,0.5606925799454066,1.0416762999005242,38.318394233681104,0
871,0.4291684543313359,1.0414566729006252,38.74517403072784,0
872,0.43108748901814087,1.0417611254125547,38.75400649425194,0
873,0.44086837897134257,1.0419063461043805,38.72779149325489,0
874,0.6530333084258934,1.0414213831482133,37.519710865342034,0
875,0.38691899744994845,1.0417645936203919,38.90333568579952,0
876,0.19774563104182108,1.0412943521173177,39.5140106429984,0
877,0.4079311974547585,1.0412400157758777,38.81157598219101,0
878,0.6538809595169294,1.0414320809661413,37.85423568923033,0
879,0.42549861534237365,1.0414699640779945,38.7621513420621,0
880,0.5893899139095532,1.0413692352359492,38.21126156157491,0
881,0.3170050817007973,1.0415386336898986,39.126695338180845,0
882,0.2550747040355589,1.0415678641742998,39.33324787959097,0
883,0.44378474736715334,1.0413928136791757,38.695406152644196,0
884,0.40282350272315054,1.0415963541563524,38.84071106732891,0
885,0.5588922790077705,1.0414344847119243,38.313001595454224,0
886,0.652468302906591,1.041409394186818,37.974405167362335,0
887,0.6528436823025401,1.0414586353949198,37.7453617975222,0
888,0.6439973789183698,1.0414100205092063,38.02618536942342,0
889,0.6111495733899208,1.0416687058343133,38.14713357897641,0
890,0.48114547211937525,1.0413122418666863,38.56500135649094,0
891,0.41651709123760616,1.0416200482312334,38.79549628215592,0
892,0.5389123329322382,1.0416342347797696,38.387495165592924,0
893,0.5445479067474271,1.0416348624775469,38.369255540046,0
894,0.6537695120189955,1.0415819013167926,38.00165179107536,0
895,0.620747027232327,1.041454581675063,38.10594893976714,0
896,0.5206804355918038,1.0414798396620801,38.43971881525719,0
897,0.6583430671426547,1.0419198657146906,37.387541851983784,0
898,0.5855002233167376,1.0412711958675442,38.2122672624983,0
899,0.3820914480001197,1.0415086977716557,38.90402734371351,0
900,0.634765509987853,1.041367616251799,38.05566227295416,0
901,0.5193603863085856,1.0413068269603598,38.43712733403745,0
902,0.6508357575770412,1.0412984848459177,37.55111966208699,0
903,0.5726123199535852,1.0415525423177658,38.272278029625106,0
904,0.6500180286264117,1.0412639427471766,37.4229246609092,0
905,0.6461531851733584,1.0410636296532834,37.780230764546616,0
906,0.6492891644010084,1.0412396711979834,37.21464383261328,0
907,0.6493294264154463,1.0412231471691074,37.84815682931254,0
908,0.5783121861456112,1.041356391729832,38.24209539329824,0
909,0.6478182744349713,1.0412034511300576,37.510722164421864,0
910,0.645688404936426,1.041335235783563,38.01207325723931,0
911,0.5141268651809909,1.0414520919383625,38.45673029616609,0
912,0.5896304103337312,1.0413041347590235,38.197828407622524,0
913,0.646621468810946,1.041141062378108,37.794087415475325,0
914,0.647130006873186,1.0412156947385411,38.00264048585848,0
915,0.4802740864389713,1.0411036206295021,38.55480034415426,0
916,0.6186843482590484,1.0413654619465629,38.1047864025589,0
917,0.6469810771441197,1.0411998457117606,37.26104250628886,0
918,0.2910318869156549,1.0410864713647723,39.18097959133986,0
919,0.6441203889996605,1.041047222000679,37.383527018940356,0
920,0.6446297258366798,1.0410665483266406,37.83083059486476,0
921,0.6482846462458248,1.0412927075083505,37.78780608975822,0
922,0.319229812823999,1.0410612751631785,39.08688183198137,0
923,0.5425813987266226,1.0410174843647277,38.34087286363671,0
924,0.4291895337397347,1.0409914534537892,38.71958579844457,0
925,0.6086154685230651,1.0409083283967482,38.1160445575952,0
926,0.6464947138422869,1.0411045723154264,37.7098926812557,0
927,0.39430491315455163,1.0409197545484754,38.83203736523737,0
928,0.6333655603380283,1.0410781113390957,38.04339794664141,0
929,0.60624595737926,1.04107263582177,38.13240241569952,0
930,0.4654521586871502,1.0408795788068657,38.58939017303139,0
931,0.5521638488235591,1.0407434506596345,38.29014808615541,0
932,0.41069692093375804,1.040910899948461,38.77247876364004,0
933,0.6390222462642398,1.0407295074715204,36.90507154941868,0
934,0.22653483320463808,1.0408753593913214,39.382674956999004,0
935,0.40026174010698323,1.0409834127683968,38.81266517836273,0
936,0.546343297622451,1.0408406797287038,38.31650454171066,0
937,0.6393910073441921,1.0406959853116158,36.75726648815719,0
938,0.22459025720899278,1.040799832334993,39.3904127554117,0
939,0.6393638143858259,1.0406443712283482,37.63832009757212,0
940,0.579597369692702,1.0406078383973576,38.197092370362064,0
941,0.6332766358699254,1.0403527282601492,37.66064499135275,0
942,0.49001089088338784,1.040780053436076,38.50502694132858,0
943,0.3354798746234025,1.0405456488789429,39.007581003123754,0
944,0.5290232535278523,1.040557956323057,38.361259227702064,0
945,0.5306361433377454,1.0405667110420689,38.3552583371374,0
946,0.2173481174439375,1.0406819667431997,39.409016330614875,0
947,0.6389381564994122,1.0406176870011756,37.7107391109655,0
948,0.6369292901466055,1.0405314197067892,36.68591241757032,0
949,0.3510510919347674,1.040611082371262,38.95725788959867,0
950,0.6341088506218752,1.0403982987562497,37.73761301233034,0
951,0.41938419926635206,1.0404503498396143,38.7203287527128,0
952,0.6332671632368967,1.0403316735262067,36.94908934652664,0
953,0.6331028016401724,1.0403343967196552,37.50718814284171,0
954,0.26212299451214527,1.04050034992503,39.2493927684178,0
955,0.5478244480912097,1.040462006827255,38.29195182831721,0
956,0.4890334148113164,1.0403045799502173,38.47524098404525,0
957,0.44296689044406967,1.0402888410022617,38.627675630182665,0
958,0.4066938463587131,1.04014549440535,38.73845135479537,0
959,0.6137951045070208,1.0401592740352463,38.04375086158452,0
960,0.6316071957014666,1.0403256085970667,37.70266993965266,0
961,0.6323099096298789,1.0403301807402423,37.41828201797306,0
962,0.6239222660899413,1.0400094678201175,37.96176544893676,0
963,0.19842916396924476,1.0402355011037456,39.44123361826294,0
964,0.5047269382033456,1.040160536496069,38.4156059784954,0
965,0.6306671960185023,1.0402336079629955,36.769567997661284,0
966,0.5323342781019017,1.0400521409526433,38.309525504739256,0
967,0.4314293918149904,1.0400273723814648,38.64599640664759,0
968,0.6234967774353121,1.039948445129376,37.74272885071169,0
969,0.4641560376086948,1.0400802760635033,38.54687608119851,0
970,0.2563453382521409,1.0399611955965808,39.23075354649856,0
971,0.3508583098378296,1.0399525083905101,38.91392811988972,0
972,0.3300442585370978,1.0398941681376428,38.977975524646936,0
973,0.5612312517297612,1.0399019938152658,38.20842583787535,0
974,0.3752670801014802,1.0399319339120574,38.83424317647497,0
975,0.6266265783698709,1.039954843260258,37.80848693424903,0
976,0.31529089664711,1.0399921663198068,39.04247340064329,0
977,0.35157508198150794,1.0398523934883686,38.91310907091436,0
978,0.6216203819754879,1.0397532360490243,37.32088721094486,0
979,0.6212165942372363,1.0397988115255274,37.98639723013191,0
980,0.6192572620782346,1.0397374758435307,37.52823930082305,0
981,0.622633496560891,1.0398850068782182,37.788421885442375,0
982,0.6032326946177712,1.0397390290152693,38.049429302915314,0
983,0.06080305248827367,1.0396973660535405,39.85843088161652,0
984,0.6203531463649604,1.0397797072700792,36.894124077210094,0
985,0.24665541891427373,1.0396437409157497,39.22928570209284,0
986,0.34789060699360547,1.0396065867848132,38.89536699871329,0
987,0.18024947141296632,1.0395109566807923,39.44193016748879,0
988,0.4086225262056228,1.0395336740543464,38.68251545589068,0
989,0.6156929404372703,1.0395361191254593,37.742786192052634,0
990,0.6181291511316278,1.0396256977367444,37.39022026854837,0
991,0.6148420589973773,1.0394998820052455,36.64567143130148,0
992,0.6159694069559971,1.0395351860880058,37.55763137100697,0
993,0.35824378045980526,1.0394792415522571,38.84898866254689,0
994,0.5571161634089214,1.0394388983040757,38.177037958130136,0
995,0.6135236365547383,1.0395167268905234,37.38196737105949,0
996,0.6118758506307891,1.039494298738422,37.322533291059884,0
997,0.6053725687889725,1.039402862422055,36.84097042865664,0
998,0.6138884020950873,1.0395371958098254,37.76728654991156,0
999,0.6056452349278,1.0393695301444001,36.495921436883776,0
1000,0.6093242522489759,1.0394494955020481,36.66217579930864,0
1001,0.6073805132810965,1.039382973437807,36.970891021777575,0
1002,0.6081263543670271,1.0393832912659458,37.24578696942282,0
1003,0.6097779261166101,1.0394181477667799,37.50120290700774,0
1004,0.6100924333805061,1.0394391332389878,37.62522242353082,0
1005,0.6063127510238251,1.03943046165426,38.01104339383015,0
1006,0.576378174424962,1.039309015840365,38.09545439218285,0
1007,0.5755256774715786,1.039337478606608,38.102741944083725,0
1008,0.524692462079221,1.0393119437665106,38.26602855345841,0
1009,0.462424870803536,1.0394360658498722,38.488093654238426,0
1010,0.6034608233227607,1.0394143533544786,35.989377345090006,0
1011,0.6053294336981718,1.0394531326036565,37.16305536383968,0
1012,0.6005923698804801,1.0393912602390396,37.747003203962095,0
1013,0.6028779321723917,1.0394341356552166,37.670872854546346,0
1014,0.5701600711306103,1.0393748289689497,38.104195047949716,0
1015,0.6007035190050175,1.039354961989965,37.56211871221808,0
1016,0.43272275490663376,1.0393890159805907,38.56115579034357,0
1017,0.5972234010363293,1.0393431979273413,37.60462561612641,0
1018,0.6001817489735636,1.0394045020528728,37.688214835912135,0
1019,0.5984252656567076,1.0394114686865847,37.427233484043064,0
1020,0.5966001966623595,1.0393716066752812,37.149067098500566,0
1021,0.5929875933764602,1.0394028132470796,37.22257682120061,0
1022,0.5960408394618915,1.039390321076217,36.636721334924815,0
1023,0.5989039607734349,1.0393960784531302,37.504668253150385,0
1024,0.5922434415852236,1.0394211168295528,37.37175597723406,0
1025,0.4762846435316196,1.0393941333461647,38.39416096598433,0
1026,0.5923719379652959,1.0393981240694083,36.001239270272606,0
1027,0.5936840123348256,1.0393839753303489,37.51879897653319,0
1028,0.587972585922626,1.039380828154748,37.518687892336835,0
1029,0.5925859082765542,1.0393601834468915,37.68352289617911,0
1030,0.5896319133774011,1.0393701732451979,36.61589344166913,0
1031,0.5911459886839282,1.0393500226321435,37.29648965175586,0
1032,0.5928662172536018,1.0393575654927965,37.22492052899905,0
1033,0.5886765025389485,1.0393469949221028,36.312667911280016,0
1034,0.5876740127039867,1.0393679745920266,37.36033984384074,0
1035,0.58902340980226,1.03935318039548,37.527778395411765,0
1036,0.5877566788304266,1.0393826423391468,37.84254507207115,0
1037,0.5857962517085709,1.0393874965828585,37.77407973775922,0
1038,0.5870044067220537,1.0393991865558927,37.27920899223946,0
1039,0.5852585903254874,1.039390819349025,37.54736915831319,0
1040,0.586022213438938,1.039387573122124,37.8297205705236,0
1041,0.5798280209332222,1.0394559581335556,36.85947958884935,0
1042,0.5814833319164854,1.0395093361670291,36.52454719735473,0
1043,0.578174698298301,1.0395546034033978,36.12575072531898,0
1044,0.5791258695000551,1.0395022609998898,35.7102054340786,0
1045,0.5827647742084264,1.0394684515831472,36.3267388232468,0
1046,0.5786213415862727,1.0395153168274547,36.16074733453376,0
1047,0.4707290851824284,1.0395393167742235,38.36154418810153,0
1048,0.5782244801373375,1.039527039725325,36.751479675618796,0
1049,0.5741943583994927,1.0396152832010146,35.05669032994778,0
1050,0.5792284144604191,1.0395171710791618,35.713024443962155,0
1051,0.5744569110712787,1.0395961778574425,36.50589255572107,0
1052,0.576909883596083,1.039526232807834,35.94717326084574,0
1053,0.5765730237299229,1.0395499525401541,36.94554626460532,0
1054,0.5720992778493065,1.0396934443013868,37.124119860192295,0
1055,0.5771240609260382,1.0395978781479236,35.674834909090606,0
1056,0.5735235290929394,1.0397189418141213,36.9558304426509,0
1057,0.5697211527892373,1.0397996944215253,35.16244922959223,0
1058,0.5734566402908009,1.0396847194183982,35.293437597972755,0
1059,0.5679728117349678,1.0398263765300644,36.56263675698079,0
1060,0.5676148876491898,1.0398562247016205,35.136516185928585,0
1061,0.568860150645987,1.039837698708026,35.955547512018015,0
1062,0.5673512364159429,1.0398895271681143,35.80118964994874,0
1063,0.5659714633754236,1.0399050732491528,35.7515056929858,0
1064,0.5645065257228903,1.0399249485542195,36.48388007274065,0
1065,0.56718619360218,1.03981761279564,36.83498075654354,0
1066,0.5631131216296226,1.0399957567407547,34.93597083615036,0
1067,0.5636195588505283,1.0399808822989436,36.00727595301326,0
1068,0.5617776553728002,1.0400526892543995,36.7904746313776,0
1069,0.562737549008363,1.040056901983274,36.81835162202945,0
1070,0.5582934835610293,1.0402150328779416,35.571804367905656,0
1071,0.5591472293993801,1.0401495412012396,36.08011516058373,0
1072,0.5617212961864746,1.0399914076270507,36.39722055567002,0
1073,0.5587920278107905,1.0400419443784188,35.5192556134336,0
1074,0.5602167354876963,1.0399465290246075,36.03540407380727,0
1075,0.556970729923376,1.0400745401532479,36.08690820685781,0
1076,0.5544855671163836,1.0401808657672327,35.938431965623224,0
1077,0.5571133144948838,1.0400573710102325,37.04279983998771,0
1078,0.554194693107571,1.040222613784858,36.03030999950237,0
1079,0.5532539577495297,1.0403040845009406,35.84199012627648,0
1080,0.5505030537062733,1.0404338925874534,37.28384997371806,0
1081,0.5495072763633065,1.040489447273387,35.146066521379694,0
1082,0.5554402362280886,1.0401975275438227,37.37609007645271,0
1083,0.5545301415896602,1.0402437168206797,36.04500798000939,0
1084,0.5496995539605403,1.0404608920789196,36.237593383809326,0
1085,0.5509358006616485,1.0403363986767031,35.66381975916302,0
1086,0.5507241264210051,1.0403657471579897,35.88060929235623,0
1087,0.54614805016488,1.0405938996702402,35.37004999370498,0
1088,0.5511928831487677,1.0403262337024648,35.54488459378756,0
1089,0.5435701556047559,1.0406596887904882,36.96777289131108,0
1090,0.5472009256953912,1.0405041486092175,35.152626077126435,0
1091,0.5470121120949791,1.0405477758100419,34.94250415261912,0
1092,0.5429597761767405,1.0407444476465189,35.831727176112445,0
1093,0.5450930848039357,1.0406038303921283,35.8692980408549,0
1094,0.5422762725794047,1.0406954548411906,35.70540480375946,0
1095,0.5401972059824186,1.0408175880351627,35.6267777336747,0
1096,0.541439933864174,1.040784132271652,35.642329271850116,0
1097,0.5397993097263734,1.0408053805472535,36.72342048329991,0
1098,0.5353850834251219,1.041037833149756,35.157537532740015,0
1099,0.5358346668727619,1.040982666254476,36.04108245014457,0
1100,0.5364004937910113,1.0409890124179775,36.720261212634156,0
1101,0.5351922043222946,1.0410975913554108,36.73725244662167,0
1102,0.5354290750307535,1.0411138499384929,36.24588977138291,0
1103,0.5339688562569177,1.0412202874861647,35.5373749110599,0
1104,0.5337703932990036,1.041191213401993,36.089420535388115,0
1105,0.5334011585713777,1.0411996828572447,37.498362754509735,0
1106,0.527449576233289,1.041602847533422,36.201184450111484,0
1107,0.5313565591936167,1.0413128816127666,35.928579922067364,0
1108,0.5324461004589734,1.041257799082053,36.94522990976725,0
1109,0.531269842560846,1.0413523148783081,36.16585662651013,0
1110,0.5307825888105272,1.0413508223789456,36.34241474259603,0
1111,0.528874740922033,1.041508518155934,35.65936109228695,0
1112,0.5250938320657104,1.041786335868579,35.92796285970666,0
1113,0.5235303921063219,1.0419032157873562,36.23049987766661,0
1114,0.5185738549833618,1.0422282900332762,35.08270362463306,0
1115,0.524709871560948,1.0417682568781041,35.00023826608158,0
1116,0.5229380793141518,1.0418818413716964,34.978807381594905,0
1117,0.5232270463803567,1.0418699072392867,35.23396401931632,0
1118,0.5195687486525776,1.0421345026948448,35.09390569019478,0
1119,0.5248294094497878,1.0417811811004245,34.152365280149645,0
1120,0.5183272115247863,1.0422335769504274,35.15813152366318,0
1121,0.5162729740978242,1.0424400518043515,35.110512862617306,0
1122,0.5195043914131721,1.042171217173656,35.50875632312901,0
1123,0.5184437558387897,1.0422424883224206,35.593291796090725,0
1124,0.5138258133216047,1.0425523733567907,34.71689565212748,0
1125,0.511166219038592,1.042739561922816,34.94355126293457,0
1126,0.5141652358304615,1.042551528339077,34.91382144425895,0
1127,0.5108248428564592,1.0428543142870814,34.508697207050886,0
1128,0.5115630795841917,1.0428338408316167,35.089178234106726,0
1129,0.5078036910882692,1.0432146178234618,34.205619368140916,0
1130,0.5092026758937981,1.0430686482124039,35.956234036079316,0
1131,0.5054635783796265,1.043460843240747,34.33413609115204,0
1132,0.5102271318229942,1.0430257363540116,34.82750394255872,0
1133,0.5071067259264771,1.0433605481470458,35.15776557769968,0
1134,0.5073138291049324,1.0432703417901352,34.02448304545658,0
1135,0.5026359937878552,1.0436580124242896,34.3653574718413,0
1136,0.501649247920199,1.043735504159602,34.96609721289797,0
1137,0.5047906917492405,1.0434026165015189,34.55037077986688,0
1138,0.5027670377232778,1.0436179245534445,34.181655366840886,0
1139,0.5020337003015669,1.0437065993968662,34.34183382085087,0
1140,0.5021413902128199,1.0436052195743604,33.912289080954096,0
1141,0.49919690098385716,1.0438701980322855,35.0577772014379,0
1142,0.49692155287219464,1.0440828942556108,33.65317927707781,0
1143,0.4966748907494444,1.0441162185011112,34.10724818425657,0
1144,0.496271333977366,1.044161332045268,35.08323586118413,0
1145,0.49480104512512846,1.0443519097497431,33.01599119928161,0
1146,0.4921876641253147,1.0446446717493707,35.49875954103407,0
1147,0.49085041989625033,1.0448131602074993,33.24760800721929,0
1148,0.49490838941782567,1.0443872211643488,33.82471948306571,0
1149,0.4948309858169181,1.044372028366164,33.803925289832975,0
1150,0.49263561360660624,1.0446167727867877,34.39603779690176,0
1151,0.4927400154609607,1.0445959690780788,33.262956378096796,0
1152,0.4905759217077299,1.0448721565845402,33.67239350743803,0
1153,0.48851095790190535,1.0450760841961892,34.00321395204486,0
1154,0.4865829249392766,1.0452661501214469,34.68034395646108,0
1155,0.48642523469657994,1.04531153060684,33.65404504990269,0
1156,0.48374137925574556,1.0455972414885089,33.760397183305344,0
1157,0.48816686365700857,1.0451002726859828,34.30572575589166,0
1158,0.48572038541712237,1.0453792291657553,33.95308065311909,0
1159,0.48170974884834505,1.0458085023033097,33.84334181357387,0
1160,0.4806553349396371,1.0458853301207258,32.81998851410914,0
1161,0.48029023919414526,1.0459415216117096,34.11646226013768,0
1162,0.48261944298989223,1.0456031140202153,33.768867892126394,0
1163,0.4795814429720323,1.0459391140559353,32.96775667638604,0
1164,0.4770056250485134,1.0462027499029731,33.82348621045344,0
1165,0.4763345314020774,1.0462389371958454,32.9036988017531,0
1166,0.47695814704422146,1.046247705911557,32.47080926527087,0
1167,0.4740013708618204,1.046585258276359,32.05591447819242,0
1168,0.47707152640934714,1.0461849471813058,32.13891397868507,0
1169,0.4712152238979673,1.0469115522040655,32.97051901990956,0
1170,0.47002229030874354,1.047031419382513,32.22618108371788,0
1171,0.46773899241259775,1.0472840151748044,32.05654614055877,0
1172,0.4701421248792017,1.0469937502415967,33.734922264918865,0
1173,0.47032330292550045,1.047001394148999,32.754313552679136,0
1174,0.4687664837781042,1.0472370324437916,31.77647109475985,0
1175,0.46596932402065105,1.047617351958698,33.42251856729977,0
1176,0.47057911866579394,1.0469457626684122,33.14901764007336,0
1177,0.46729913686364605,1.047339726272708,32.50623263334613,0
1178,0.4604619870091765,1.048230025981647,32.23870271623755,0
1179,0.45795652262964126,1.0485029547407174,31.610451473928507,0
1180,0.46185160061265873,1.0479667987746826,33.45194735353767,0
1181,0.45879785957404357,1.0483942808519129,32.77184043675536,0
1182,0.4626496345585655,1.047960730882869,32.68429119942303,0
1183,0.4570031459108107,1.0487677081783786,32.841741181869914,0
1184,0.45767505711985396,1.0486258857602921,31.752155005747923,0
1185,0.45569630150927315,1.0489173969814536,31.315978270665468,0
1186,0.4567235728244295,1.048748854351141,33.10471857045647,0
1187,0.4555448945259882,1.0488682109480236,30.92753588238938,0
1188,0.4571642885090774,1.0486014229818452,32.96540289654369,0
1189,0.45279891987429605,1.049224160251408,32.25007332563804,0
1190,0.4494301363024912,1.0497197273950176,31.031191508540054,0
1191,0.449905422928006,1.049655154143988,31.665146073117675,0
1192,0.44986148234336604,1.049627035313268,31.62581204078718,0
1193,0.4469764334262804,1.0500171331474393,31.1806867583311,0
1194,0.4449632568004508,1.0503194863990983,32.617064206458934,0
1195,0.4470908672088565,1.0499442655822868,30.564316485800376,0
1196,0.44233372839374724,1.0505865432125057,31.923754064316803,0
1197,0.44423386590029024,1.0503082681994196,31.561910941761088,0
1198,0.4478330471339812,1.0497239057320376,31.57354697831896,0
1199,0.4442042076130953,1.0502555847738093,31.54042838864138,0
1200,0.44151681449125124,1.0506543710174976,31.426082362183617,0
1201,0.44036773772844195,1.050890524543116,33.06159132670376,0
1202,0.44294027734050306,1.050583445318994,31.191637966238172,0
1203,0.43920405943154434,1.0511598811369114,31.607967416923465,0
1204,0.43611386907818467,1.0517362618436308,30.880152658025793,0
1205,0.4402718528885524,1.051052294222895,31.149874607334237,0
1206,0.43579070741920184,1.0517445851615963,30.36627747515536,0
1207,0.43255857909149775,1.0522888418170044,30.693617408328684,0
1208,0.43641458409437545,1.0516608318112493,30.752860109339856,0
1209,0.43353325707108503,1.0521134858578298,30.552643896897365,0
1210,0.43074929912767507,1.05258740174465,31.29228782277618,0
1211,0.4322257448042754,1.052276510391449,31.426906227432895,0
1212,0.42943218659034527,1.0527876268193095,30.762218701070367,0
1213,0.42625392206662804,1.053342155866744,30.43115324654594,0
1214,0.429198150415422,1.052819699169156,31.20006553764864,0
1215,0.43146811936143065,1.0524197612771387,31.292072881491862,0
1216,0.42455670833612935,1.0535425833277414,31.904643687383025,0
1217,0.42843664370724355,1.052846712585513,30.271598606071997,0
1218,0.4269255238817443,1.0531389522365115,30.915885572965745,0
1219,0.4243631120955655,1.053597775808869,30.48503857221831,0
1220,0.4260833365829042,1.0533613268341917,31.31845108608372,0
1221,0.4175142309599199,1.0547915380801602,29.441295444057175,0
1222,0.42130990406935126,1.0541301918612975,30.965425238561885,0
1223,0.41989830070366574,1.0543633985926686,29.601081583889208,0
1224,0.4166197820371616,1.0549864359256769,30.928756925111884,0
1225,0.41563099399575404,1.055164012008492,30.682372272524002,0
1226,0.41601002615496085,1.0550819476900783,29.84924281603277,0
1227,0.4203445985199772,1.0543048029600457,30.16972286843677,0
1228,0.4133351969760662,1.0555016060478677,30.444890089362012,0
1229,0.40839963461308865,1.0563767307738228,30.438335070329384,0
1230,0.41001445398775643,1.056069092024487,30.562091632116775,0
1231,0.40824535762455827,1.0564132847508836,30.438301505995206,0
1232,0.4087804550275537,1.0563170899448926,29.586540466235824,0
1233,0.41381132404670795,1.055375351906584,28.937264474626474,0
1234,0.4031250739495588,1.0573278521008824,31.62623238777406,0
1235,0.405598063158173,1.0568118736836543,31.421268832012448,0
1236,0.4029861604847044,1.0572976790305912,29.530323528850023,0
1237,0.4043354088420489,1.0570711823159022,30.728222623762246,0
1238,0.4033203931916523,1.0572652136166956,31.039666250027427,0
1239,0.401563917725835,1.05755616454833,30.115076609789128,0
1240,0.402129815734577,1.0574443685308461,29.771769886861392,0
1241,0.39741179377196256,1.058400412456075,29.25490586899977,0
1242,0.4001292190272013,1.0578835619455973,28.8396888080704,0
1243,0.3969742620086751,1.0584554759826499,29.71041400959916,0
1244,0.40018117103076173,1.0578596579384767,29.889078808229307,0
1245,0.3959850341255285,1.058695931748943,29.27215028827014,0
1246,0.3969511411746408,1.0585037176507184,28.35294106796148,0
1247,0.4000490717115809,1.0578438565768382,29.89695739423039,0
1248,0.39769509927680396,1.058285801446392,30.009194654489228,0
1249,0.39156042313409106,1.059517153731818,29.382306904786684,0
1250,0.39182478123973485,1.0594784375205302,29.19347420677495,0
1251,0.3894245390754406,1.0599769218491188,28.933159849975794,0
1252,0.388638164922874,1.060135670154252,29.233001931670486,0
1253,0.3936621130404165,1.0591197739191671,28.665540568120093,0
1254,0.38938618543573184,1.0599896291285362,28.887553656142064,0
1255,0.38659895207200584,1.0605120958559884,28.945522029613652,0
1256,0.3867054555624998,1.0604390888750004,28.432672600942514,0
1257,0.3819591834301379,1.0614176331397243,28.041314004488648,0
1258,0.3860316022552085,1.060534795489583,28.986120250812004,0
1259,0.3844621348086993,1.0609217303826013,28.05660858965227,0
1260,0.3815528153865032,1.0616003692269935,30.448829668783475,0
1261,0.38245536221043996,1.06138527557912,28.01283620704994,0
1262,0.3814849523139791,1.0615960953720418,28.088363300541182,0
1263,0.3787971872263544,1.0620976255472911,28.774703411317944,0
1264,0.3765753499037919,1.0625973001924163,27.654277735520985,0
1265,0.3743161720711943,1.0631336558576114,28.54324688485464,0
1266,0.3736713800480594,1.063217239903881,28.289115308233857,0
1267,0.37399474253161197,1.063116514936776,27.820906555138283,0
1268,0.3780056449025464,1.0622827101949073,27.645031908769113,0
1269,0.3713791080792488,1.0637357838415025,28.861980482029676,0
1270,0.3724931865266473,1.0635336269467055,27.72585839378951,0
1271,0.3777185185337404,1.0623889629325192,28.24969069151944,0
1272,0.3682888324713726,1.0644083350572549,27.518814755793606,0
1273,0.36906475159118246,1.064246496817635,27.472953656261097,0
1274,0.36241329908870445,1.065779401822591,27.541517802232036,0
1275,0.36923305606045803,1.0642338878790838,28.747771576928656,0
1276,0.36098157490359517,1.0661388501928097,27.536543454505704,0
1277,0.3636307878991497,1.0655344242017006,27.343311490715305,0
1278,0.363807145469823,1.065517709060354,29.23575916881031,0
1279,0.36576326345504745,1.0650714730899051,27.636169650282078,0
1280,0.35973385572431527,1.0664962885513696,26.583499323613395,0
1281,0.3630765646467482,1.0657048707065035,26.877875446803834,0
1282,0.3572338628089366,1.0671262743821268,27.73996100920357,0
1283,0.3523462435023977,1.0682375129952046,27.00509203161965,0
1284,0.35704944195895794,1.0671131160820841,27.75007824465927,0
1285,0.3557568330371786,1.0674063339256428,28.219410565846513,0
1286,0.35468401938156136,1.0677179612368772,26.877246365415026,0
1287,0.3566105431046982,1.0672929137906035,28.349498729351687,0
1288,0.3553023012634487,1.0676073974731026,27.624668689632465,0
1289,0.3559657196346957,1.0674185607306086,27.132762404605188,0
1290,0.3485105701190658,1.0692408597618686,26.67310050491477,0
1291,0.35243557811710274,1.0683128437657945,27.306638330029283,0
1292,0.3531888582501065,1.068138283499787,27.26205122125034,0
1293,0.34804011478305197,1.069385770433896,28.429030576677235,0
1294,0.34968940194901804,1.0689851961019639,26.694928774157276,0
1295,0.34999688573302673,1.0689042285339465,26.69488218566701,0
1296,0.3497731618253536,1.0689656763492927,27.370621421872617,0
1297,0.34832183245250586,1.0693223350949883,26.728513255547668,0
1298,0.34486943074071663,1.0701851385185668,26.555981665928293,0
1299,0.3469415528560298,1.0697108942879405,26.375161483497813,0
1300,0.3429050005642552,1.0707339988714897,26.540585283810728,0
1301,0.34188597865817943,1.0709960426836411,26.732357750879466,0
1302,0.3446458219510639,1.0703243560978721,26.285763699479347,0
1303,0.33639844892393017,1.0723811021521397,26.001380346706625,0
1304,0.33200553416624734,1.0735629316675053,25.321758876801816,0
1305,0.3360378061107291,1.0724743877785419,25.8740790469438,0
1306,0.3375231403894673,1.0720817192210654,25.90881190910538,0
1307,0.3377326550643637,1.0720166898712726,26.231977831390427,0
1308,0.33703359902548125,1.0722188019490375,25.517101257808044,0
1309,0.3335529573586342,1.0731120852827316,25.501487424898418,0
1310,0.3290518306300283,1.0742903387399434,26.46232815434921,0
1311,0.3324970069006373,1.0734359861987253,25.686390726949995,0
1312,0.3264175752578081,1.0749928494843837,25.457440203589424,0
1313,0.3300964377893593,1.0740191244212813,24.994300609241424,0
1314,0.3274789338199484,1.0747461323601033,25.750276783049287,0
1315,0.3304892676131855,1.073965464773629,25.7700442118344,0
1316,0.3275821412317429,1.0747137175365142,25.87459439747155,0
1317,0.3252479067157749,1.0753461865684502,25.625696661037097,0
1318,0.3225365881969456,1.0760508236061088,25.90913658694923,0
1319,0.317444992892433,1.077364014215134,26.16744596866871,0
1320,0.3194183530889539,1.0768132938220922,25.94621770099443,0
1321,0.3223092237373839,1.0760015525252322,25.711966817631804,0
1322,0.3228871835217937,1.0758076329564126,26.30884035150917,0
1323,0.32239284095638665,1.0759863180872267,26.012047261778214,0
1324,0.3222244353322189,1.0760031293355623,25.446856014678488,0
1325,0.31774641732471925,1.0772311653505615,26.21625848495345,0
1326,0.31372431837072723,1.0783913632585456,26.086412340710837,0
1327,0.31889528382492616,1.0770234323501477,25.094461045616526,0
1328,0.3140549743152254,1.0783660513695492,24.897130175344273,0
1329,0.31462265819328067,1.0781886836134387,26.281721681042832,0
1330,0.3137219528942845,1.078496094211431,26.365213516654947,0
1331,0.31499288637494705,1.078178227250106,25.20420569243489,0
1332,0.3144935886318769,1.0783428227362462,25.15375098395927,0
1333,0.3062099717360218,1.0806020565279564,24.68071587116442,0
1334,0.30951478600197774,1.0797164279960445,26.758196206267705,0
1335,0.31273551876131983,1.0788489624773603,25.094782998788233,0
1336,0.3093304673717798,1.0797650652564403,25.988515932320965,0
1337,0.3126560862104992,1.0789078275790016,24.899481884505526,0
1338,0.30732668634364685,1.0803606273127062,26.712154717809774,0
1339,0.30569014686575086,1.0808277062684983,25.74742736588931,0
1340,0.30200157280368084,1.0818928543926383,25.266619230895827,0
1341,0.30345785983732876,1.0814482803253425,24.752472985862795,0
1342,0.3036590893718012,1.0814578212563977,25.21905990765749,0
1343,0.30332544036287984,1.0815611192742403,24.790483290841202,0
1344,0.30226663482400246,1.081804730351995,24.606497308300824,0
1345,0.2990525322778182,1.0827569354443636,24.871841722304858,0
1346,0.2979954905159246,1.0830890189681508,24.864207472485162,0
1347,0.29949301060007605,1.082707978799848,24.516561619060532,0
1348,0.29266576369600183,1.0846904726079962,24.15496581895986,0
1349,0.2962891651964555,1.083599669607089,24.65204783183206,0
1350,0.2914533531651499,1.0849972936697,24.172998136235748,0
1351,0.29702406295235356,1.0833018740952929,24.409576377406808,0
1352,0.29274787804234637,1.0846302439153073,24.6264382635146,0
1353,0.296936612438336,1.083464775123328,24.673081511863476,0
1354,0.29033713014178025,1.0854017397164395,24.21638659652887,0
1355,0.296862115476494,1.083475769047012,23.97785493601758,0
1356,0.2934395705735316,1.0844148588529368,24.86885665861162,0
1357,0.2944532183172363,1.0840955633655274,24.20956172618484,0
1358,0.291146712245824,1.085092575508352,24.49843027797501,0
1359,0.29047078605854726,1.0852284278829054,24.93632651650838,0
1360,0.2896506334421865,1.085486733115627,24.848177563307065,0
1361,0.28445739946192455,1.086999201076151,24.135339614860413,0
1362,0.28790770095529217,1.0860345980894157,24.0501687230677,0
1363,0.29046950339662286,1.0852689932067543,24.79742838834945,0
1364,0.28268653841658803,1.087566923166824,24.231053714559074,0
1365,0.28913921389391417,1.0856415722121717,24.2350700031075,0
1366,0.28234085257546937,1.0877582948490612,24.396720275447933,0
1367,0.2832199024463423,1.0874021951073154,24.24484853008294,0
1368,0.27922648826230223,1.0886450234753955,23.68760689135673,0
1369,0.2820142976001188,1.0877554047997624,24.373940994059314,0
1370,0.2784107769329423,1.0888724461341155,25.366434637473134,0
1371,0.27729721996055123,1.0892535600788975,23.68472951141617,0
1372,0.27789549240240397,1.089183015195192,23.792970010855534,0
1373,0.27614257036681217,1.0897188592663758,24.023920252010363,0
1374,0.27481957727840506,1.09016084544319,23.77657816668648,0
1375,0.2746218688280894,1.0903242623438212,24.566891732749355,0
1376,0.27676357072698476,1.0896168585460304,23.689423831893457,0
1377,0.2775596676534335,1.089360664693133,24.0550886181282,0
1378,0.2721381371274936,1.091111725745013,23.625926472044323,0
1379,0.2695782957277542,1.0919934085444916,23.461337925006365,0
1380,0.2707842358968208,1.0915735282063583,23.547976929706834,0
1381,0.2694914836240279,1.0919730327519441,24.102864810554166,0
1382,0.1642484071109509,1.1315111857780982,21.439732331401373,0
1383,0.1685619284068057,1.1297061431863886,20.826528714500064,0
1384,0.15794522262494895,1.134417554750102,20.37387091176341,0
1385,0.16436796240790205,1.131732075184196,20.83046580626289,0
1386,0.15790340779033596,1.134581184419328,21.018877531147005,0
1387,0.1633439326033121,1.1321341347933758,20.990034766870203,0
1388,0.1553195263032968,1.1356669473934065,21.122426233510147,0
1389,0.15498303646733172,1.1359099270653366,21.473488319365647,0
1390,0.15357688851529522,1.1364962229694096,20.469017960587948,0
1391,0.15318394835731247,1.136658103285375,20.730896548608804,0
1392,0.1574575597103926,1.1347348805792148,19.848528349898704,0
1393,0.15551488204196887,1.1356342359160623,20.42526047663648,0
1394,0.15639453782959217,1.1351869243408157,20.773633364421002,0
1395,0.14988402149401517,1.1381259570119697,20.757591533496164,0
1396,0.1533541623254916,1.1364816753490168,20.01561392064761,0
1397,0.1569562857138451,1.1348614285723098,20.441354769643333,0
1398,0.14848433085939108,1.1386073382812179,20.721443571290443,0
1399,0.1541152183805534,1.1359755632388933,21.36398740445373,0
1400,0.15470163320407773,1.1356847335918445,21.02037591645844,0
1401,0.14628114345115917,1.1394637130976817,20.55081859836043,0
1402,0.15140931413120634,1.1371413717375873,21.493214798207234,0
1403,0.14726743250264757,1.1389531349947049,20.722810208886145,0
1404,0.15032429286582524,1.1375174142683495,20.713804093920302,0
1405,0.14780324779777923,1.1385575044044416,21.330772959436523,0
1406,0.13928912453871017,1.1423397509225797,20.6929677530258,0
1407,0.14536125820708623,1.1396334835858275,20.67570914552372,0
1408,0.14735296265629175,1.1387600746874165,20.858111891069356,0
1409,0.14212971281110465,1.1411345743777908,19.730423593089014,0
1410,0.14285055440080283,1.1409348911983943,20.62188730335913,0
1411,0.14542541610115367,1.1397551677976927,19.931205693729993,0
1412,0.1406100223007156,1.1419399553985687,20.223438108939163,0
1413,0.13863620478527816,1.1428635904294437,21.276933233125945,0
1414,0.1394235624169655,1.142522875166069,19.81462263123661,0
1415,0.14254361414125188,1.1410047717174963,19.978475197739535,0
1416,0.1401719832907652,1.1421040334184696,20.924387824750102,0
1417,0.13710012906464444,1.143505741870711,20.02107150552607,0
1418,0.13864979888247556,1.1427224022350488,20.124030453208263,0
1419,0.13585306965538504,1.14407986068923,20.328717575921573,0
1420,0.14060709136731156,1.141791817265377,21.090568411944986,0
1421,0.14511876808141383,1.1396384638371724,20.39718427353023,0
1422,0.14644180375538798,1.138964392489224,20.06698464117463,0
1423,0.143034753827046,1.140544492345908,20.4249135464515,0
1424,0.14094112408935303,1.141485751821294,20.592596141787006,0
1425,0.13957163151043878,1.1420947369791226,20.087175991110474,0
1426,0.14626925135941943,1.1389734972811612,20.42717672853611,0
1427,0.13828770703164664,1.1425765859367067,20.10992856524814,0
1428,0.141751594201412,1.140970811597176,20.473233315449207,0
1429,0.13984281378609104,1.141818372427818,20.102493920315858,0
1430,0.1410247366182458,1.1413285267635085,20.448413589637077,0
1431,0.13955118690112658,1.1419956261977469,20.04124310078718,0
1432,0.13750984414745276,1.1429023117050945,20.19929511092593,0
1433,0.14439053888615103,1.139702922227698,20.55313107770943,0
1434,0.13984132688863157,1.1417513462227369,20.759414721633,0
1435,0.15173679790178127,1.1364604041964375,20.63395442241282,0
1436,0.14697247400506636,1.1385470519898673,20.357396605766723,0
1437,0.1416951910508993,1.1409856178982014,19.939594898231636,0
1438,0.14341165467395617,1.1401946906520877,20.08521844322695,0
1439,0.13998280415761236,1.1418183916847753,19.561951942510817,0
1440,0.1423934344583422,1.1407511310833156,21.08181005048351,0
